A*02:01,5
A*23:01,20
C*03:03,12
C*04:01,14
DRB1*04:185,16
DRB1*07:01,9
DQB1*02:02,32
DQB1*03:02,30
A*02:01,0
A*03:01,27
C*06:02,20
C*07:02,31
DRB1*04:07,0
DRB1*07:01,14
DQB1*03:01,14
DQB1*03:03,1
A*01:01,10
A*24:02,14
C*06:02,6
C*16:01,12
DRB1*13:05,11
DRB1*15:01,16
DQB1*03:01,31
DQB1*06:02,14
A*11:01,0
A*68:01,3
C*03:03,5
C*03:04,5
DRB1*10:01,5
DRB1*13:02,2
DQB1*05:01,9
DQB1*06:04,7
A*03:01,0
A*25:01,14
C*06:02,4
C*07:02,0
DRB1*04:04,1
DRB1*14:216,2
DQB1*03:02,11
DQB1*05:03,24
A*02:06,28
A*11:01,0
C*02:02,19
C*16:02,14
DRB1*01:01,18
DRB1*04:04,21
DQB1*03:02,14
DQB1*05:01,30
A*01:01,7
C*07:01,9
C*07:02,9
DRB1*03:01,2
DRB1*15:01,6
DQB1*02:01,10
DQB1*06:02,12
A*02:01,12
A*29:02,8
C*06:02,0
C*16:01,2
DRB1*04:04,1
DRB1*07:01,0
DQB1*02:02,17
DQB1*03:02,0
A*02:01,0
C*05:01,15
C*07:02,1
DRB1*04:01,1
DRB1*15:01,6
DQB1*03:01,9
DQB1*06:02,12
A*02:01,0
A*24:02,20
C*04:01,7
C*07:01,10
DRB1*03:01,3
DRB1*11:04,1
DQB1*02:01,33
DQB1*03:01,35
A*01:01,17
A*68:01,10
C*04:01,0
C*06:02,9
DRB1*07:01,16
DRB1*10:01,0
DQB1*03:03,13
DQB1*05:01,0
A*01:01,14
A*02:01,0
C*05:01,14
C*07:01,24
DRB1*04:01,0
DRB1*07:01,0
DQB1*03:01,12
DQB1*03:03,0
A*01:01,0
A*24:02,13
C*04:01,18
C*07:01,0
DRB1*13:02,2
DRB1*14:216,3
DQB1*05:03,32
DQB1*06:04,21
A*03:01,8
A*30:01,0
C*06:02,0
C*07:02,12
DRB1*07:01,6
DRB1*15:01,8
DQB1*02:02,12
DQB1*06:02,12
A*02:01,0
A*11:01,1
C*03:03,13
C*07:01,0
DRB1*03:01,0
DRB1*04:01,6
DQB1*02:01,34
DQB1*03:01,36
A*01:01,13
A*31:01,26
C*03:04,0
C*07:01,0
DRB1*03:01,4
DRB1*09:01,13
DQB1*02:01,21
DQB1*03:03,0
A*01:01,18
A*02:06,0
C*01:02,8
C*03:02,7
DRB1*03:01,6
DRB1*11:01,7
DQB1*02:01,32
DQB1*03:01,37
A*02:01,0
A*11:01,4
C*03:04,9
C*07:18,17
DRB1*04:04,11
DRB1*13:02,0
DQB1*03:02,25
DQB1*06:09,15
A*02:01,21
A*32:01,9
C*05:01,12
DRB1*01:01,14
DRB1*11:01,8
DQB1*03:01,13
DQB1*05:01,33
A*01:01,1
C*06:02,0
C*07:01,6
DRB1*04:01,0
DRB1*15:01,0
DQB1*03:01,10
DQB1*06:02,12
A*02:01,0
A*11:01,8
C*06:02,0
C*14:02,5
DRB1*04:01,14
DRB1*13:01,2
DQB1*03:02,9
DQB1*06:03,32
A*29:02,0
A*30:02,0
C*04:01,16
C*05:01,0
DRB1*03:01,10
DRB1*04:01,0
DQB1*02:01,22
DQB1*03:02,14
A*01:01,0
A*02:01,33
C*06:02,8
C*07:01,2
DRB1*03:01,5
DRB1*14:216,8
DQB1*02:01,23
DQB1*05:03,31
A*01:01,2
A*31:01,21
C*07:01,14
C*15:02,1
DRB1*03:01,4
DRB1*04:05,9
DQB1*02:01,14
DQB1*03:02,5
A*02:01,0
A*03:01,13
C*07:02,16
C*08:02,11
DRB1*13:02,6
DRB1*15:01,11
DQB1*06:02,19
DQB1*06:09,14
A*02:01,20
A*03:01,0
C*07:02,19
C*12:03,10
DRB1*15:01,10
DRB1*16:01,8
DQB1*05:02,25
DQB1*06:02,8
A*02:01,23
A*24:02,16
C*04:01,0
C*14:02,3
DRB1*01:01,0
DRB1*13:01,9
DQB1*05:01,0
DQB1*06:03,15
A*02:01,27
C*08:02,21
C*12:03,10
DRB1*04:07,20
DRB1*13:02,3
DQB1*03:01,0
DQB1*06:04,47
A*01:01,6
A*31:01,9
C*06:02,5
C*07:02,0
DRB1*01:01,5
DRB1*15:01,0
DQB1*05:01,13
DQB1*06:02,0
A*01:01,0
A*02:01,0
C*05:01,0
C*07:01,0
DRB1*03:01,0
DRB1*13:01,2
DQB1*02:01,0
DQB1*06:03,13
A*02:01,0
A*24:02,36
C*02:02,0
C*04:01,16
DRB1*12:01,16
DRB1*16:01,1
DQB1*03:01,0
DQB1*05:02,38
A*24:02,18
A*29:02,18
C*03:03,6
C*16:01,2
DRB1*04:04,1
DRB1*15:01,11
DQB1*03:02,0
DQB1*06:02,17
A*24:02,13
C*02:02,5
DRB1*04:01,1
DRB1*13:01,0
DQB1*03:01,8
DQB1*06:03,8
A*02:01,0
C*03:04,20
C*12:03,7
DRB1*04:01,17
DRB1*16:01,1
DQB1*03:02,5
DQB1*05:02,37
A*02:01,14
A*11:01,6
C*07:01,23
C*17:03,19
DRB1*11:01,0
DRB1*13:03,1
DQB1*03:01,19
A*02:01,15
C*07:02,0
DRB1*15:01,5
DQB1*05:02,24
DQB1*06:02,15
A*26:01,10
C*12:03,1
DRB1*04:02,7
DRB1*04:56,8
DQB1*03:02,10
A*02:01,0
A*24:02,17
C*07:02,31
C*15:05,4
DRB1*04:03,1
DRB1*15:01,14
DQB1*03:02,0
DQB1*06:02,14
A*01:01,0
C*07:01,0
DRB1*03:01,3
DRB1*13:02,0
DQB1*02:01,19
DQB1*06:04,0
A*24:02,0
A*32:01,12
C*04:01,10
C*12:03,6
DRB1*07:01,9
DRB1*11:04,2
DQB1*02:02,0
DQB1*03:01,9
A*01:01,0
A*02:17,22
C*06:02,0
C*12:02,10
DRB1*10:01,8
DRB1*15:02,0
DQB1*05:01,30
DQB1*06:01,16
A*02:01,31
A*24:02,24
C*02:02,20
C*12:03,13
DRB1*01:01,0
DRB1*08:01,13
DQB1*04:02,41
DQB1*05:01,0
A*23:01,12
A*24:02,12
C*06:02,3
C*17:03,10
DRB1*04:05,0
DRB1*13:03,7
DQB1*03:01,0
DQB1*03:02,12
A*30:01,8
A*68:01,21
C*04:01,0
C*06:02,9
DRB1*01:01,0
DRB1*13:03,8
DQB1*03:01,18
DQB1*05:01,0
A*02:01,18
A*25:01,27
C*05:01,15
C*06:02,2
DRB1*01:01,16
DRB1*14:54,0
DQB1*05:01,0
DQB1*05:03,0
A*01:01,7
A*02:01,0
C*01:02,5
C*07:01,0
DRB1*03:01,0
DRB1*07:01,11
DQB1*02:01,0
DQB1*02:02,1
A*01:01,12
A*02:01,0
C*04:01,12
C*07:01,0
DRB1*03:01,0
DRB1*13:01,2
DQB1*02:01,0
DQB1*06:03,11
A*02:01,0
A*29:02,14
C*06:02,0
C*16:01,10
DRB1*07:01,0
DRB1*11:02,5
DQB1*03:03,0
DQB1*03:19,10
A*01:01,0
C*06:02,19
DRB1*03:01,6
DRB1*11:01,0
DQB1*02:01,25
DQB1*03:01,0
A*02:01,0
A*24:02,19
C*03:04,20
C*12:03,0
DRB1*01:01,0
DRB1*08:01,24
DQB1*04:02,23
DQB1*05:01,0
A*02:01,0
A*11:01,0
C*04:01,0
C*15:05,17
DRB1*07:01,21
DRB1*14:216,0
DQB1*02:02,26
DQB1*05:03,0
A*03:01,2
A*68:12,16
C*07:02,1
C*15:02,17
DRB1*11:04,0
DRB1*15:01,17
DQB1*03:01,0
DQB1*06:02,28
A*11:01,5
A*68:01,0
C*03:03,22
C*04:01,21
DRB1*01:01,22
DRB1*08:01,0
DQB1*04:02,0
DQB1*05:01,58
A*01:01,36
A*03:01,19
C*05:01,29
C*06:02,0
DRB1*11:01,0
DRB1*15:01,21
DQB1*03:01,0
DQB1*06:02,37
A*02:01,11
A*29:02,15
C*01:02,6
C*16:01,9
DRB1*07:01,11
DRB1*16:01,0
DQB1*02:02,1
DQB1*05:02,0
A*02:01,0
A*68:02,9
C*07:01,1
C*12:03,10
DRB1*01:01,0
DRB1*11:04,9
DQB1*03:01,16
DQB1*05:01,0
A*03:01,0
A*24:02,0
C*04:01,22
C*07:02,0
DRB1*14:216,9
DRB1*15:01,0
DQB1*05:03,35
DQB1*06:03,10
A*01:01,1
A*03:01,0
C*02:02,0
C*07:01,7
DRB1*03:01,6
DQB1*02:01,15
A*03:01,0
A*24:02,0
C*04:01,9
C*07:02,0
DRB1*14:216,4
DRB1*15:01,0
DQB1*05:03,26
DQB1*06:03,9
A*02:01,20
A*03:01,0
C*07:02,19
C*12:03,10
DRB1*15:01,10
DRB1*16:01,8
DQB1*05:02,25
DQB1*06:02,8
A*01:01,35
A*24:02,28
C*05:01,30
C*06:02,8
DRB1*03:01,17
DRB1*10:01,10
DQB1*02:01,0
DQB1*05:01,0
A*01:01,10
A*26:01,27
C*03:03,20
C*07:01,1
DRB1*03:01,14
DRB1*11:03,16
DQB1*02:01,44
DQB1*03:01,48
A*01:01,6
A*24:02,0
C*07:01,0
C*07:02,0
DRB1*03:01,2
DRB1*15:01,0
DQB1*02:01,34
DQB1*06:02,9
A*01:01,0
A*03:01,5
C*07:01,0
DRB1*03:01,8
DRB1*07:01,0
DQB1*02:01,17
DQB1*03:03,0
A*11:01,0
A*32:01,7
C*02:02,7
C*03:03,1
DRB1*11:01,2
DQB1*03:01,9
A*24:02,7
C*05:01,22
C*14:02,2
DRB1*03:01,17
DRB1*14:216,20
DQB1*02:01,40
DQB1*05:03,0
A*11:02,0
A*30:01,7
C*06:02,5
C*12:02,1
DRB1*07:01,9
DRB1*16:02,4
DQB1*02:02,15
DQB1*05:02,24
A*02:01,2
A*34:01,6
C*04:03,7
C*08:22,7
DRB1*11:01,6
DRB1*15:02,6
DQB1*03:01,9
DQB1*06:01,20
A*02:07,15
A*11:01,0
C*01:02,9
C*03:04,4
DRB1*09:01,8
DRB1*12:02,11
DQB1*03:01,17
DQB1*03:03,11
A*02:03,15
A*29:01,0
C*03:04,13
C*15:05,0
DRB1*04:05,9
DRB1*10:01,0
DQB1*04:01,18
DQB1*05:01,0
A*02:07,0
A*33:03,0
C*01:02,0
C*03:04,8
DRB1*04:04,0
DRB1*12:02,11
DQB1*03:01,11
DQB1*03:02,0
A*11:01,6
A*34:01,0
C*04:03,0
C*07:06,8
DRB1*07:01,11
DRB1*15:02,0
DQB1*02:02,26
DQB1*06:01,0
A*11:01,0
C*01:02,9
C*14:02,0
DRB1*04:05,15
DRB1*12:02,0
DQB1*04:01,37
DQB1*05:02,0
A*33:03,16
A*34:01,0
C*07:02,0
C*08:01,0
DRB1*04:03,10
DRB1*15:02,0
DQB1*03:02,13
DQB1*05:02,0
A*11:01,23
A*24:10,24
C*07:04,7
C*08:01,19
DRB1*12:02,0
DRB1*15:01,12
DQB1*03:01,0
DQB1*06:01,28
A*24:02,0
A*32:01,7
C*01:02,5
C*14:02,0
DRB1*04:03,13
DRB1*14:04,0
DQB1*03:348,15
DQB1*05:03,0
A*02:03,0
A*24:02,14
C*08:01,0
C*15:02,0
DRB1*12:02,0
DRB1*14:18,1
DQB1*03:01,0
DQB1*05:03,34
A*11:01,3
A*33:03,0
C*01:02,2
C*03:02,0
DRB1*03:01,0
DRB1*12:02,8
DQB1*02:01,0
DQB1*03:01,4
A*01:01,7
A*24:02,0
C*03:04,0
C*07:01,16
DRB1*09:01,0
DRB1*13:02,3
DQB1*03:02,0
DQB1*06:04,10
A*02:07,0
A*11:01,8
C*08:01,0
DRB1*11:01,0
DRB1*16:02,9
DQB1*03:01,0
DQB1*05:02,21
A*01:01,0
A*02:07,0
C*01:02,8
C*04:01,0
DRB1*09:01,9
DRB1*13:01,0
DQB1*03:03,35
DQB1*06:03,0
A*02:07,23
A*11:01,35
C*04:01,18
C*07:04,25
DRB1*12:02,0
DQB1*03:01,0
A*11:04,23
A*33:03,1
C*02:02,13
C*12:02,5
DRB1*04:03,17
DRB1*15:02,18
DQB1*03:02,16
DQB1*05:01,4
A*24:07,0
A*33:03,15
C*03:02,9
C*07:06,12
DRB1*03:01,4
DRB1*07:01,10
DQB1*02:01,21
DQB1*02:02,21
A*11:01,21
A*24:02,1
C*04:01,21
C*07:02,33
DRB1*11:06,8
DRB1*12:02,0
DQB1*03:01,13
DQB1*05:02,0
A*11:01,0
A*33:03,0
C*03:02,0
C*07:02,15
DRB1*03:01,0
DRB1*15:02,9
DQB1*02:01,0
DQB1*05:02,20
A*11:02,20
C*03:02,9
C*08:01,15
DRB1*03:01,6
DRB1*12:02,0
DQB1*02:01,27
DQB1*03:01,0
A*24:10,0
A*33:03,10
C*03:02,0
C*03:04,0
DRB1*15:02,0
DQB1*05:01,0
A*11:01,25
A*33:03,0
C*01:02,12
C*03:02,0
DRB1*12:02,0
DRB1*15:02,22
DQB1*05:02,52
A*33:03,11
C*03:02,5
DRB1*03:01,3
DRB1*13:01,0
DQB1*02:01,25
DQB1*06:03,21
A*02:01,0
C*12:03,15
DRB1*01:01,23
DQB1*05:01,49
A*01:01,0
A*02:01,0
C*04:01,0
C*07:01,0
DRB1*13:03,3
DRB1*16:01,0
DQB1*03:01,13
DQB1*05:02,0
A*02:01,10
A*26:01,0
C*07:02,0
C*07:04,0
DRB1*15:01,0
DRB1*16:01,0
DQB1*05:02,0
DQB1*06:02,0
A*01:01,13
A*11:01,10
C*06:02,11
C*12:02,3
DRB1*01:01,11
DQB1*05:01,0
A*02:01,0
A*68:01,0
C*03:04,0
C*04:01,16
DRB1*04:01,0
DRB1*15:01,11
DQB1*03:02,0
DQB1*06:02,11
A*01:01,0
A*02:01,24
C*04:01,0
C*06:02,0
DRB1*07:01,0
DRB1*11:04,1
DQB1*02:02,0
DQB1*03:01,0
A*02:01,0
A*11:01,0
C*06:02,7
C*07:02,0
DRB1*07:01,16
DRB1*11:01,0
DQB1*02:02,21
DQB1*03:01,0
A*02:01,0
A*24:02,0
C*04:01,0
C*12:03,4
DRB1*01:02,10
DRB1*07:01,0
DQB1*02:02,0
DQB1*05:01,25
A*02:01,0
A*24:02,0
C*02:02,7
C*07:02,0
DRB1*15:01,0
DQB1*06:02,0
A*01:01,0
A*23:01,28
C*06:02,0
DRB1*07:01,0
DRB1*13:02,15
DQB1*02:02,0
DQB1*06:04,14
A*01:01,35
A*02:01,0
C*02:02,8
C*06:02,11
DRB1*10:01,0
DRB1*11:01,14
DQB1*03:01,44
DQB1*05:01,0
A*23:01,15
A*26:01,0
C*07:04,24
C*12:03,7
DRB1*08:03,4
DRB1*11:01,0
DQB1*03:01,0
A*24:02,0
C*03:04,30
C*07:02,0
DRB1*04:01,17
DRB1*15:01,0
DQB1*03:02,5
DQB1*06:02,0
A*02:01,0
C*05:01,0
C*06:02,0
DRB1*07:01,0
DQB1*02:02,18
DQB1*03:03,0
A*02:01,0
A*32:01,32
C*02:02,16
C*05:01,25
DRB1*11:01,0
DRB1*15:01,19
DQB1*03:01,0
DQB1*06:02,30
A*29:02,0
A*68:01,20
C*04:01,0
C*06:02,9
DRB1*08:01,0
DRB1*12:01,10
DQB1*03:01,21
DQB1*03:02,11
A*02:01,0
A*26:01,0
C*03:04,0
C*12:03,0
DRB1*04:01,18
DRB1*13:01,0
DQB1*03:02,43
DQB1*06:03,0
A*02:01,0
A*30:01,0
C*03:04,3
C*06:02,3
DRB1*08:01,11
DRB1*13:02,6
DQB1*04:02,0
DQB1*06:04,13
A*02:01,11
A*03:01,0
C*07:02,0
C*08:02,8
DRB1*01:02,11
DRB1*14:54,0
DQB1*05:01,0
DQB1*05:03,0
A*03:01,0
A*32:01,3
C*04:01,5
DRB1*04:01,1
DRB1*04:04,1
DQB1*03:01,4
DQB1*03:02,0
A*11:01,7
A*32:01,0
C*07:02,8
C*12:03,6
DRB1*01:01,10
DRB1*13:01,0
DQB1*05:01,17
DQB1*06:03,0
A*29:12,21
A*32:01,14
C*06:02,0
C*07:02,20
DRB1*07:01,0
DRB1*10:01,0
DQB1*02:02,0
DQB1*05:01,0
A*25:01,0
A*33:03,7
C*03:02,0
C*12:03,0
DRB1*13:02,0
DRB1*14:54,0
DQB1*05:03,0
DQB1*06:09,7
A*01:01,0
A*68:01,22
C*04:01,23
C*07:01,0
DRB1*07:01,27
DRB1*11:04,0
DQB1*02:02,29
DQB1*03:01,0
A*01:01,0
C*07:01,0
DRB1*03:01,0
DRB1*04:04,1
DQB1*02:01,0
DQB1*03:02,0
A*02:01,23
A*11:01,0
C*02:02,7
C*05:01,0
DRB1*08:01,8
DRB1*14:54,0
DQB1*04:02,18
DQB1*05:03,0
A*26:01,0
A*31:01,16
C*01:02,6
C*12:03,7
DRB1*04:02,18
DRB1*11:01,2
DQB1*03:01,0
DQB1*03:02,23
A*01:01,0
C*07:01,0
DRB1*03:01,0
DRB1*04:04,1
DQB1*02:01,0
DQB1*03:02,0
A*01:01,15
A*24:02,23
C*07:02,3
DRB1*13:01,6
DRB1*15:01,21
DQB1*06:02,23
DQB1*06:03,24
A*02:01,0
A*11:01,15
C*01:02,15
C*04:01,0
DRB1*01:01,0
DRB1*08:01,2
DQB1*04:02,21
DQB1*05:01,0
A*24:02,0
C*01:02,10
C*12:02,9
DRB1*04:05,11
DRB1*15:02,12
DQB1*04:01,17
DQB1*06:01,18
A*23:01,0
A*31:01,7
C*04:01,6
C*07:223,2
DRB1*11:01,0
DRB1*13:01,2
DQB1*03:01,0
DQB1*06:03,18
A*02:01,0
A*11:01,0
C*02:02,0
C*05:01,14
DRB1*08:01,7
DRB1*14:54,3
DQB1*04:02,0
DQB1*05:03,20
A*03:01,0
A*23:01,0
C*04:01,0
C*07:02,0
DRB1*07:01,19
DRB1*15:01,0
DQB1*02:02,30
DQB1*06:02,0
A*23:01,7
A*29:02,2
C*04:01,0
C*16:01,4
DRB1*07:01,4
DRB1*09:01,5
DQB1*02:02,16
DQB1*03:03,17
A*03:01,0
A*68:01,7
C*07:04,20
C*12:03,0
DRB1*04:04,18
DRB1*08:01,16
DQB1*03:02,31
DQB1*04:02,29
A*02:01,0
A*26:01,27
C*02:02,11
C*05:01,21
DRB1*01:01,0
DRB1*13:01,18
DQB1*05:01,0
DQB1*06:03,19
A*11:01,0
A*30:04,10
C*01:02,13
C*06:02,12
DRB1*07:01,0
DRB1*15:01,15
DQB1*02:02,0
DQB1*06:02,35
A*11:01,3
A*30:01,5
C*04:01,8
C*06:02,0
DRB1*01:01,7
DRB1*07:01,0
DQB1*02:02,0
DQB1*05:01,19
A*24:02,12
A*29:02,2
C*04:01,0
C*07:01,12
DRB1*07:01,0
DRB1*14:06,2
DQB1*02:02,0
DQB1*03:01,18
A*02:01,0
A*31:01,0
C*05:01,9
C*08:02,8
DRB1*01:02,10
DRB1*16:01,7
DQB1*05:01,21
DQB1*05:02,22
A*02:01,0
A*31:01,22
C*05:01,27
C*06:02,9
DRB1*13:01,4
DQB1*06:03,15
A*11:01,18
A*24:02,0
C*07:01,26
C*12:02,10
DRB1*01:01,0
DRB1*03:01,11
DQB1*02:01,28
DQB1*05:01,0
A*01:01,16
A*11:01,14
C*04:01,9
C*07:01,9
DRB1*03:01,3
DRB1*04:04,0
DQB1*02:01,14
DQB1*03:02,0
A*02:01,16
A*24:02,0
C*04:01,0
C*06:02,0
DRB1*04:01,8
DRB1*07:01,0
DQB1*02:02,0
DQB1*03:02,11
A*02:01,12
A*03:01,0
C*03:03,15
DRB1*07:01,15
DRB1*13:01,0
DQB1*03:03,9
DQB1*06:03,0
A*11:01,0
C*04:01,8
C*15:02,0
DRB1*04:04,9
DRB1*11:01,0
DQB1*03:01,0
DQB1*03:02,10
A*01:01,12
A*03:01,0
C*01:02,9
C*07:01,31
DRB1*01:01,0
DRB1*14:54,3
DQB1*05:01,0
DQB1*05:03,0
A*02:01,0
A*24:02,0
C*02:02,18
C*03:04,22
DRB1*04:04,13
DRB1*15:01,0
DQB1*03:02,7
DQB1*06:02,0
A*02:01,0
A*32:01,12
C*04:01,12
C*06:02,0
DRB1*01:02,13
DRB1*07:01,0
DQB1*02:02,0
DQB1*05:01,27
A*03:01,0
A*24:02,0
C*03:03,13
C*07:04,3
DRB1*01:01,9
DRB1*11:01,0
DQB1*03:01,0
DQB1*05:01,23
A*02:01,20
A*24:02,3
C*07:02,0
C*16:01,20
DRB1*07:01,25
DRB1*15:01,7
DQB1*02:02,28
DQB1*06:02,0
A*02:01,51
A*03:01,35
C*03:04,28
C*07:02,6
DRB1*01:01,0
DRB1*04:01,26
DQB1*03:01,0
DQB1*05:01,0
A*02:01,8
A*11:01,11
C*03:03,0
C*07:02,17
DRB1*01:01,16
DRB1*14:07,0
DQB1*05:01,0
DQB1*05:03,0
A*01:01,0
A*02:01,0
C*02:02,4
C*07:01,0
DRB1*03:01,0
DRB1*15:01,6
DQB1*02:01,0
DQB1*06:02,7
A*01:01,0
A*68:01,16
C*05:01,18
C*07:01,0
DRB1*03:01,0
DRB1*12:01,12
DQB1*02:01,0
DQB1*03:01,15
A*02:01,0
A*03:01,0
C*07:02,19
C*17:01,0
DRB1*04:01,10
DRB1*07:01,0
DQB1*03:02,0
DQB1*03:03,0
A*01:01,38
A*03:01,27
C*07:02,3
C*15:05,11
DRB1*04:04,20
DRB1*11:01,0
DQB1*03:01,0
DQB1*03:02,15
A*03:01,16
A*68:01,12
C*04:01,12
C*05:01,16
DRB1*01:01,11
DRB1*11:01,5
DQB1*03:01,12
DQB1*05:01,28
A*02:01,0
A*03:01,0
C*03:03,1
C*04:01,0
DRB1*03:01,0
DRB1*04:04,0
DQB1*02:01,0
DQB1*03:02,0
A*02:01,0
A*11:01,0
C*03:04,0
C*04:01,0
DRB1*04:04,0
DRB1*04:07,0
DQB1*03:01,14
DQB1*03:02,0
A*03:01,1
A*11:01,0
C*01:02,7
C*03:03,13
DRB1*01:01,5
DRB1*04:01,0
DQB1*03:02,2
DQB1*05:01,15
A*02:01,0
A*03:01,15
C*02:02,9
C*04:01,14
DRB1*04:04,1
DRB1*11:01,9
DQB1*03:01,12
DQB1*03:02,0
A*02:01,0
C*04:01,16
C*15:02,6
DRB1*11:01,0
DRB1*16:01,8
DQB1*03:01,0
DQB1*05:02,32
A*01:01,0
A*02:01,0
C*05:01,9
C*06:02,1
DRB1*07:01,0
DRB1*13:01,0
DQB1*02:02,0
DQB1*06:03,9
A*01:01,9
C*07:01,17
DRB1*03:01,5
DQB1*02:01,18
A*01:01,4
A*02:01,0
C*03:04,15
C*06:02,0
DRB1*07:01,0
DRB1*12:01,17
DQB1*03:01,23
DQB1*03:03,9
A*02:01,0
A*03:01,16
C*04:01,0
DRB1*01:01,0
DRB1*15:01,0
DQB1*05:01,0
DQB1*06:02,0
A*03:01,0
A*11:01,3
C*07:02,0
C*15:02,1
DRB1*07:01,20
DRB1*11:01,0
DQB1*02:02,21
DQB1*03:01,0
A*03:01,0
A*24:02,0
C*04:01,0
C*07:02,0
DRB1*14:54,0
DRB1*15:01,0
DQB1*05:03,0
DQB1*06:02,0
A*02:02,0
A*24:02,0
C*03:03,4
C*17:01,7
DRB1*04:05,0
DRB1*15:01,0
DQB1*02:02,6
DQB1*05:02,6
A*01:01,0
A*03:01,7
C*06:02,0
DRB1*07:01,0
DQB1*03:03,0
A*01:01,0
A*32:01,7
C*01:02,1
C*07:01,0
DRB1*03:01,0
DQB1*02:01,0
A*02:01,0
C*03:03,3
C*03:04,0
DRB1*04:01,7
DRB1*11:01,3
DQB1*03:01,34
A*01:01,0
A*11:01,0
C*04:01,0
C*07:01,0
DRB1*03:01,0
DRB1*04:01,10
DQB1*02:01,0
DQB1*03:02,9
A*02:01,8
A*03:01,0
C*03:03,19
C*07:02,0
DRB1*03:01,0
DRB1*15:01,0
DQB1*02:01,0
DQB1*06:02,18
A*01:01,0
A*02:01,0
C*03:03,0
C*07:01,0
DRB1*11:01,0
DRB1*13:01,0
DQB1*03:01,0
DQB1*06:03,0
A*01:01,13
A*03:01,11
C*07:01,14
C*07:02,14
DRB1*03:01,7
DRB1*15:01,0
DQB1*02:01,13
DQB1*06:02,0
A*02:01,28
A*30:02,8
C*05:01,14
C*07:02,25
DRB1*03:01,2
DRB1*15:01,13
DQB1*02:01,20
DQB1*06:02,20
A*01:01,0
A*02:01,0
C*04:01,11
C*07:02,21
DRB1*04:04,9
DRB1*15:01,0
DQB1*03:02,6
DQB1*06:02,0
A*02:01,0
A*30:01,15
C*06:02,0
C*12:03,0
DRB1*11:01,5
DRB1*14:54,0
DQB1*03:01,13
DQB1*05:03,0
A*01:01,33
A*02:01,0
C*01:02,11
C*03:04,0
DRB1*01:01,0
DQB1*05:01,0
A*01:01,10
C*07:01,21
C*12:02,7
DRB1*03:01,11
DRB1*04:01,17
DQB1*02:01,29
DQB1*03:02,30
A*03:01,14
A*31:01,17
C*06:02,0
C*07:02,20
DRB1*13:02,8
DRB1*15:01,0
DQB1*06:02,0
DQB1*06:04,11
A*01:01,5
A*02:01,0
C*07:01,0
C*12:02,5
DRB1*13:02,3
DRB1*15:02,6
DQB1*06:01,23
DQB1*06:04,12
A*01:01,21
A*32:01,30
C*02:02,15
C*07:01,42
DRB1*03:01,11
DRB1*13:01,9
DQB1*02:01,26
DQB1*06:03,25
A*01:01,26
A*31:01,29
C*07:01,0
C*15:02,12
DRB1*03:01,5
DRB1*16:01,14
DQB1*02:01,27
DQB1*05:02,42
A*01:01,0
C*06:02,0
C*12:03,8
DRB1*01:01,0
DQB1*05:01,0
A*01:01,0
A*03:01,6
C*04:01,0
C*07:01,0
DRB1*01:01,0
DRB1*03:01,0
DQB1*02:01,0
DQB1*05:01,0
A*02:01,41
A*31:01,34
C*01:02,12
C*12:03,12
DRB1*04:01,16
DRB1*13:01,2
DQB1*03:02,11
DQB1*06:03,31
A*02:01,4
A*30:01,7
C*05:01,13
C*06:02,10
DRB1*04:01,0
DRB1*07:01,15
DQB1*02:02,16
DQB1*03:01,14
A*02:01,0
A*32:01,0
C*03:04,9
C*15:02,8
DRB1*04:01,0
DRB1*11:01,7
DQB1*03:01,13
DQB1*03:02,0
A*02:01,16
C*03:04,9
C*17:01,0
DRB1*07:01,0
DRB1*13:02,0
DQB1*03:03,0
DQB1*06:04,0
A*02:01,28
A*32:01,0
C*01:02,0
C*07:01,34
DRB1*01:03,0
DRB1*04:04,26
DQB1*03:01,0
DQB1*03:02,10
A*02:01,0
A*03:01,1
C*01:02,2
C*04:01,6
DRB1*11:01,4
DRB1*14:216,0
DQB1*03:01,13
DQB1*05:03,0
A*02:01,0
A*24:02,0
C*07:02,0
DRB1*01:01,0
DRB1*15:01,0
DQB1*05:01,0
DQB1*06:02,0
A*02:01,0
A*03:01,0
C*01:02,4
C*07:02,1
DRB1*01:01,9
DRB1*15:01,6
DQB1*05:01,17
DQB1*06:02,9
A*24:02,0
A*32:01,11
C*07:02,0
C*16:01,3
DRB1*07:01,12
DRB1*15:01,0
DQB1*02:02,20
DQB1*06:02,0
A*02:01,0
A*24:02,11
C*03:04,0
C*04:01,16
DRB1*01:01,9
DRB1*07:01,0
DQB1*02:02,0
DQB1*05:01,29
A*01:01,0
A*02:01,23
C*05:01,6
C*07:01,0
DRB1*03:01,0
DRB1*11:01,7
DQB1*02:01,0
DQB1*03:01,22
A*01:01,0
A*03:01,0
C*03:04,0
C*07:02,0
DRB1*01:01,0
DRB1*11:03,0
DQB1*03:01,0
DQB1*05:01,0
A*01:01,0
A*02:01,0
C*03:04,0
C*07:01,0
DRB1*03:01,0
DRB1*13:02,2
DQB1*02:01,0
DQB1*06:04,11
A*01:01,10
A*03:01,0
C*06:02,7
C*07:02,0
DRB1*10:01,12
DRB1*15:01,0
DQB1*05:01,0
DQB1*06:02,0
A*02:01,0
A*03:01,0
C*07:01,0
C*07:02,0
DRB1*03:01,0
DRB1*15:01,0
DQB1*02:01,0
DQB1*06:02,0
A*02:01,0
A*03:01,26
C*01:02,0
C*03:03,18
DRB1*01:01,0
DRB1*14:54,6
DQB1*05:01,0
DQB1*05:03,0
A*02:01,13
A*24:02,0
C*03:03,14
C*03:04,12
DRB1*01:03,9
DRB1*13:02,0
DQB1*05:01,1
DQB1*06:04,2
A*02:01,0
C*03:03,9
C*05:01,0
DRB1*04:04,9
DRB1*11:01,0
DQB1*03:01,0
DQB1*03:02,10
A*24:02,0
C*03:04,29
C*07:02,0
DRB1*01:01,0
DRB1*08:01,17
DQB1*04:02,6
DQB1*05:01,0
A*03:01,0
A*25:01,0
C*01:02,0
C*07:02,22
DRB1*03:01,6
DRB1*11:01,0
DQB1*02:01,26
DQB1*03:01,0
A*01:01,5
A*24:02,14
C*04:01,17
C*07:01,0
DRB1*03:01,4
DRB1*11:04,1
DQB1*02:01,16
DQB1*03:01,0
A*24:02,0
A*32:01,1
C*02:02,2
C*08:02,13
DRB1*07:01,0
DRB1*13:01,3
DQB1*02:02,0
DQB1*06:03,19
A*02:01,0
C*02:02,0
C*05:01,0
DRB1*04:08,11
DRB1*11:01,0
DQB1*03:01,0
A*02:01,0
A*29:02,0
C*03:04,8
C*16:01,0
DRB1*07:01,0
DQB1*02:02,0
A*01:01,13
A*03:01,0
C*04:01,0
C*07:01,31
DRB1*03:01,10
DRB1*04:01,0
DQB1*02:01,15
DQB1*03:02,0
A*02:01,0
A*32:01,16
C*03:03,0
C*03:04,0
DRB1*08:10,4
DRB1*11:01,3
DQB1*03:01,13
A*02:01,25
A*11:01,5
C*03:04,19
C*12:03,0
DRB1*01:01,1
DRB1*13:01,8
DQB1*05:01,0
DQB1*06:03,32
A*32:01,40
C*02:02,33
C*07:02,0
DRB1*01:01,2
DRB1*03:01,20
DQB1*02:01,0
DQB1*05:01,0
A*02:01,0
A*29:02,5
C*01:02,1
C*04:01,9
DRB1*04:02,0
DRB1*10:01,7
DQB1*03:02,0
DQB1*05:01,11
A*02:01,0
A*03:01,0
C*07:01,0
C*07:02,0
DRB1*15:01,0
DQB1*06:02,0
A*02:01,0
A*03:01,0
C*02:02,4
C*04:01,0
DRB1*04:03,0
DQB1*03:02,0
DQB1*03:04,10
A*01:01,0
A*31:01,0
C*07:01,6
C*14:02,0
DRB1*10:01,0
DRB1*14:54,16
DQB1*05:01,0
DQB1*05:03,0
A*01:01,0
C*07:01,0
C*07:18,0
DRB1*03:01,4
DRB1*07:01,0
DQB1*02:01,0
DQB1*02:02,0
A*01:01,0
A*02:01,0
C*04:01,0
C*15:02,0
DRB1*03:01,0
DRB1*15:01,0
DQB1*02:01,0
DQB1*06:02,0
A*11:01,6
A*24:02,0
C*03:03,10
C*06:02,2
DRB1*07:01,12
DRB1*15:01,3
DQB1*03:03,16
DQB1*06:03,4
A*03:01,11
A*29:02,0
C*07:02,17
C*16:01,0
DRB1*07:01,0
DRB1*15:01,7
DQB1*02:02,0
DQB1*06:02,14
A*02:01,0
A*26:01,0
C*02:02,0
C*05:01,19
DRB1*11:01,6
DRB1*14:54,0
DQB1*03:01,47
DQB1*05:03,0
A*01:01,1
A*68:01,17
C*07:01,0
C*15:02,15
DRB1*03:01,9
DRB1*08:01,12
DQB1*02:01,31
DQB1*04:02,23
A*02:01,13
A*24:02,0
C*02:02,0
C*03:04,7
DRB1*04:01,0
DRB1*08:01,13
DQB1*03:02,0
DQB1*04:02,3
A*02:01,0
A*03:01,4
C*03:04,9
C*07:02,3
DRB1*01:01,4
DRB1*13:01,0
DQB1*05:01,14
DQB1*06:03,7
A*01:01,0
A*03:01,0
C*04:01,4
C*07:01,0
DRB1*03:01,0
DRB1*07:01,5
DQB1*02:01,0
DQB1*03:03,5
A*01:01,0
A*26:01,39
C*01:02,11
C*12:03,6
DRB1*01:01,0
DRB1*16:01,15
DQB1*05:01,0
DQB1*05:02,6
A*03:01,1
A*11:01,0
C*04:01,0
C*07:02,13
DRB1*01:01,10
DRB1*15:01,10
DQB1*05:01,19
DQB1*06:02,17
A*02:01,0
A*03:01,0
C*07:01,0
C*07:02,0
DRB1*15:01,0
DQB1*06:02,0
A*03:01,11
A*26:01,17
C*06:02,0
C*07:02,16
DRB1*07:01,0
DRB1*13:01,7
DQB1*02:02,0
DQB1*06:03,18
A*31:01,21
A*33:01,24
C*04:01,26
C*08:02,19
DRB1*01:01,21
DRB1*01:02,24
DQB1*05:01,59
A*24:02,0
A*68:01,0
C*04:226,0
C*07:02,1
DRB1*04:04,0
DRB1*15:01,6
DQB1*03:02,0
DQB1*06:02,12
A*11:01,5
A*68:01,0
C*04:01,6
C*07:04,10
DRB1*11:01,4
DRB1*13:02,0
DQB1*03:01,7
DQB1*06:04,0
A*02:01,0
A*24:02,0
C*05:01,0
C*12:03,0
DRB1*03:01,0
DRB1*11:04,0
DQB1*02:01,0
DQB1*03:01,0
A*01:01,3
A*02:01,0
C*05:01,0
C*07:01,10
DRB1*03:01,0
DRB1*15:01,8
DQB1*02:01,10
DQB1*06:02,11
A*02:01,3
A*23:01,0
C*03:04,2
C*04:01,0
DRB1*13:02,0
DQB1*06:04,4
DQB1*06:09,0
A*01:01,0
A*02:01,0
C*03:04,0
C*07:01,0
DRB1*03:01,0
DRB1*04:01,5
DQB1*02:01,0
DQB1*03:02,5
A*02:01,0
C*03:03,0
C*03:04,0
DRB1*04:01,7
DRB1*15:01,0
DQB1*03:01,12
DQB1*06:02,0
A*02:01,0
C*03:03,0
C*03:04,0
DRB1*13:01,0
DRB1*14:54,1
DQB1*05:03,11
DQB1*06:03,0
A*01:01,48
A*02:01,0
C*05:01,0
C*06:02,9
DRB1*01:01,0
DRB1*13:01,9
DQB1*05:01,0
DQB1*06:03,21
A*24:02,0
A*26:08,10
C*04:01,8
C*07:02,0
DRB1*01:01,5
DRB1*15:01,0
DQB1*05:01,13
DQB1*06:02,0
A*02:01,23
A*26:01,14
C*01:02,12
C*05:01,14
DRB1*01:01,0
DQB1*05:01,0
A*02:01,22
A*30:02,9
C*04:01,15
C*06:02,8
DRB1*07:01,10
DRB1*14:54,7
DQB1*02:02,15
DQB1*05:03,23
A*11:01,17
A*24:02,0
C*03:04,0
C*08:01,3
DRB1*11:01,0
DRB1*12:02,7
DQB1*03:01,0
A*02:01,0
A*11:01,17
C*02:02,0
C*03:04,0
DRB1*01:01,9
DRB1*14:54,0
DQB1*05:01,0
DQB1*05:03,0
A*11:01,8
A*24:02,17
C*02:02,0
C*07:02,1
DRB1*04:01,11
DRB1*13:01,0
DQB1*03:02,13
DQB1*06:03,24
A*02:01,0
C*04:01,17
C*05:01,0
DRB1*03:01,6
DRB1*11:01,0
DQB1*02:01,25
DQB1*03:01,0
A*02:11,0
A*33:03,35
C*03:02,11
C*07:01,0
DRB1*15:01,0
DRB1*15:02,1
DQB1*06:01,0
A*02:01,16
A*03:01,3
C*03:03,12
C*17:01,16
DRB1*07:01,0
DRB1*11:01,6
DQB1*02:02,0
DQB1*03:01,18
A*02:01,0
A*11:01,29
C*03:03,13
C*04:01,0
DRB1*11:04,0
DRB1*14:54,3
DQB1*03:01,0
DQB1*05:03,29
A*11:01,0
A*31:01,24
C*03:03,11
C*07:02,23
DRB1*15:01,14
DQB1*06:02,25
A*02:01,17
A*03:01,0
C*06:02,7
C*07:02,0
DRB1*04:01,0
DRB1*15:01,0
DQB1*03:01,14
DQB1*06:02,0
A*01:01,11
C*03:03,3
C*07:01,0
DRB1*04:01,15
DRB1*13:01,1
DQB1*03:02,8
DQB1*06:03,12
A*23:01,0
A*33:03,31
C*03:02,8
C*17:01,0
DRB1*07:01,0
DRB1*13:01,3
DQB1*02:02,0
DQB1*06:03,25
A*02:01,0
A*11:01,0
C*03:03,16
C*12:03,4
DRB1*04:01,18
DRB1*11:01,0
DQB1*03:01,0
A*03:01,2
C*04:01,0
C*14:02,3
DRB1*01:01,0
DRB1*08:01,16
DQB1*04:02,29
DQB1*05:01,0
A*03:02,0
A*11:01,0
C*05:01,5
C*15:02,0
DRB1*04:02,6
DRB1*14:01,4
DQB1*03:02,26
DQB1*05:03,0
A*02:01,0
C*02:02,15
C*07:01,1
DRB1*15:01,5
DRB1*16:01,0
DQB1*05:02,0
DQB1*06:02,23
A*01:01,11
A*02:01,0
C*01:02,3
C*15:02,4
DRB1*01:01,10
DRB1*11:04,1
DQB1*03:01,0
DQB1*05:01,19
A*24:02,16
C*07:01,20
C*15:02,6
DRB1*11:04,1
DRB1*13:01,2
DQB1*03:01,0
DQB1*06:03,32
A*03:01,0
A*32:01,25
C*07:02,0
DRB1*04:01,19
DRB1*14:54,4
DQB1*03:02,17
DQB1*05:03,0
A*01:01,7
A*24:02,13
C*05:01,8
C*07:01,0
DRB1*03:01,1
DRB1*04:01,6
DQB1*02:01,24
DQB1*03:01,25
A*01:01,0
A*02:01,0
C*05:01,40
DRB1*13:10,5
DRB1*15:01,0
DQB1*06:02,0
DQB1*06:03,11
A*02:20,23
A*33:03,25
C*03:02,20
C*14:02,10
DRB1*03:01,0
DRB1*13:01,0
DQB1*02:01,31
DQB1*06:03,11
A*24:02,13
C*01:02,9
C*07:18,6
DRB1*04:03,4
DRB1*16:02,0
DQB1*03:02,14
DQB1*05:02,14
A*02:01,18
A*11:01,8
C*07:01,0
C*07:02,0
DRB1*13:01,0
DRB1*15:01,9
DQB1*06:02,8
DQB1*06:03,0
A*01:01,0
A*31:01,23
C*06:02,0
C*15:02,1
DRB1*11:04,1
DRB1*15:01,0
DQB1*03:01,0
DQB1*06:02,0
A*11:01,0
A*24:02,8
C*04:01,18
C*15:02,19
DRB1*11:01,5
DRB1*14:54,0
DQB1*03:01,42
DQB1*05:03,0
A*02:01,0
C*03:04,17
DRB1*03:01,11
DRB1*15:01,24
DQB1*02:01,33
DQB1*06:02,43
A*36:01,0
A*74:01,20
C*02:10,13
C*07:18,0
DRB1*13:01,0
DRB1*13:02,0
DQB1*05:01,27
DQB1*06:09,0
A*02:01,6
C*03:03,6
C*07:02,0
DRB1*01:01,6
DRB1*13:01,3
DQB1*05:01,9
DQB1*06:03,6
A*02:01,19
C*02:02,13
C*07:02,29
DRB1*03:01,9
DRB1*04:04,1
DQB1*02:01,15
DQB1*03:02,8
A*02:01,0
C*04:01,13
C*06:02,10
DRB1*01:01,10
DRB1*11:04,1
DQB1*03:01,35
DQB1*05:01,0
A*02:01,17
A*24:02,15
C*14:02,3
C*16:02,3
DRB1*11:01,5
DRB1*16:01,10
DQB1*03:01,23
DQB1*05:02,6
A*02:22,0
A*32:01,8
C*08:02,0
C*16:04,2
DRB1*11:01,3
DRB1*13:02,0
DQB1*03:01,8
DQB1*06:09,0
A*03:01,0
A*34:02,18
C*07:02,30
C*08:02,10
DRB1*01:01,20
DRB1*14:54,9
DQB1*05:01,43
DQB1*05:03,43
A*01:01,5
A*02:01,0
C*07:01,0
C*07:02,0
DRB1*11:04,3
DRB1*13:01,0
DQB1*03:01,8
DQB1*06:03,8
A*02:01,0
A*03:01,49
C*03:03,0
C*07:02,2
DRB1*01:01,1
DRB1*04:01,30
DQB1*03:02,20
DQB1*05:01,0
A*01:01,11
A*02:01,0
C*03:04,0
C*06:02,7
DRB1*04:01,10
DRB1*10:01,5
DQB1*03:02,10
DQB1*05:01,24
A*03:01,0
A*24:02,5
C*07:01,1
C*08:02,0
DRB1*03:01,0
DRB1*13:02,0
DQB1*02:01,6
DQB1*06:09,0
A*02:06,7
A*03:01,0
C*04:01,0
C*07:02,19
DRB1*01:01,14
DRB1*09:01,13
DQB1*03:03,15
DQB1*05:01,35
A*01:02,33
A*74:01,0
C*07:01,0
C*08:02,0
DRB1*04:05,12
DRB1*08:04,0
DQB1*03:02,12
DQB1*03:19,0
A*02:01,21
A*23:01,16
C*04:01,0
C*12:03,6
DRB1*04:04,10
DRB1*16:01,8
DQB1*04:02,0
DQB1*05:02,28
A*01:01,13
A*02:01,0
C*03:04,13
C*07:01,11
DRB1*11:01,6
DRB1*15:01,0
DQB1*03:01,14
DQB1*06:02,0
A*24:02,6
A*30:01,3
C*06:02,7
C*07:01,0
DRB1*03:01,0
DRB1*07:01,14
DQB1*02:01,0
DQB1*02:02,2
A*02:01,15
A*25:01,9
C*12:03,7
C*14:02,6
DRB1*14:54,1
DRB1*16:01,6
DQB1*05:02,16
DQB1*05:03,16
A*01:01,0
A*03:01,2
C*07:01,0
C*14:02,5
DRB1*08:03,7
DRB1*14:54,0
DQB1*03:01,21
DQB1*05:03,0
A*01:01,0
A*02:01,0
C*06:02,0
C*07:01,22
DRB1*07:01,0
DRB1*13:01,8
DQB1*02:02,0
DQB1*06:03,14
A*02:01,0
A*68:01,2
C*07:01,0
C*07:04,0
DRB1*03:01,0
DRB1*13:02,0
DQB1*02:01,0
DQB1*06:04,4
A*01:01,22
A*68:01,21
C*07:01,0
C*16:01,6
DRB1*03:01,0
DRB1*07:01,15
DQB1*02:01,0
DQB1*02:02,1
A*02:01,0
C*03:03,0
C*04:01,9
DRB1*03:01,0
DRB1*04:03,6
DQB1*02:01,0
DQB1*03:05,5
A*03:01,6
A*11:01,0
C*04:01,0
DRB1*01:03,0
DRB1*11:04,10
DQB1*03:01,12
DQB1*05:01,0
A*01:01,21
A*24:02,0
C*07:01,52
DRB1*01:02,0
DRB1*11:04,6
DQB1*03:01,0
DQB1*05:01,0
A*02:01,0
C*05:01,0
DRB1*11:01,0
DRB1*16:01,12
DQB1*03:02,0
DQB1*05:02,41
A*68:01,7
A*68:02,0
C*07:04,9
C*08:02,0
DRB1*11:02,0
DRB1*13:01,2
DQB1*03:19,0
DQB1*06:03,19
A*02:01,18
A*11:01,0
C*04:01,0
DRB1*11:01,0
DRB1*13:02,3
DQB1*03:01,0
DQB1*06:09,19
A*01:01,10
A*68:01,16
C*05:01,17
C*07:01,1
DRB1*03:01,11
DRB1*04:04,18
DQB1*02:01,28
DQB1*03:02,31
A*02:01,9
A*02:05,0
C*06:02,0
C*15:02,0
DRB1*08:01,13
DRB1*13:01,0
DQB1*04:02,39
DQB1*06:03,0
A*02:01,0
C*05:01,0
C*06:02,8
DRB1*03:01,7
DRB1*04:01,0
DQB1*02:01,0
DQB1*03:01,0
A*02:01,8
A*29:02,0
C*06:02,0
C*07:02,7
DRB1*04:01,0
DRB1*11:01,5
DQB1*03:01,0
A*01:01,0
A*02:01,6
C*07:01,0
C*15:02,6
DRB1*03:01,0
DRB1*04:04,4
DQB1*02:01,0
DQB1*03:02,5
A*03:01,26
A*31:01,0
C*03:03,30
C*07:02,0
DRB1*04:11,0
DRB1*11:01,1
DQB1*03:02,0
DQB1*06:02,23
A*33:01,0
A*68:01,13
C*03:04,0
C*08:02,8
DRB1*01:02,12
DRB1*04:01,0
DQB1*03:02,0
DQB1*05:01,20
A*02:01,18
A*29:02,19
C*03:03,20
C*03:04,17
DRB1*04:01,7
DRB1*14:54,4
DQB1*03:02,3
DQB1*05:03,19
A*02:01,12
A*03:01,0
C*03:04,0
C*07:02,0
DRB1*13:02,0
DRB1*15:01,0
DQB1*06:02,9
DQB1*06:04,3
A*02:01,0
A*23:01,0
C*05:01,0
C*06:02,3
DRB1*04:06,0
DRB1*13:01,0
DQB1*04:02,4
DQB1*06:03,0
A*02:01,0
A*24:02,26
C*03:03,4
C*03:04,0
DRB1*04:04,1
DRB1*11:03,14
DQB1*03:01,13
DQB1*03:02,0
A*02:01,0
A*33:05,0
C*07:01,5
C*08:02,0
DRB1*03:01,0
DRB1*04:03,0
DQB1*02:01,10
DQB1*03:02,0
A*02:01,0
A*68:01,0
C*03:03,0
C*07:02,24
DRB1*11:03,0
DRB1*15:01,9
DQB1*03:01,0
DQB1*06:02,23
A*32:01,10
A*68:01,11
C*05:01,0
C*07:04,12
DRB1*11:01,4
DQB1*03:01,12
A*11:01,5
A*68:01,0
C*03:03,19
C*04:01,0
DRB1*01:01,13
DRB1*13:01,0
DQB1*05:01,1
DQB1*06:03,0
A*01:01,0
A*03:01,0
C*07:01,1
C*07:02,0
DRB1*03:01,6
DRB1*15:01,0
DQB1*02:01,29
DQB1*06:02,0
A*02:01,24
C*03:04,0
C*07:02,19
DRB1*04:04,9
DRB1*15:01,0
DQB1*03:02,17
DQB1*06:02,14
A*02:01,0
A*11:01,14
C*03:04,11
C*07:01,13
DRB1*08:01,9
DRB1*09:01,1
DQB1*03:03,10
DQB1*04:02,14
A*01:01,17
A*03:01,0
C*07:01,27
DRB1*03:01,0
DQB1*02:01,0
A*02:01,0
A*32:01,16
C*03:03,0
C*03:04,0
DRB1*04:01,0
DRB1*13:02,7
DQB1*03:01,0
DQB1*06:04,11
A*01:01,7
A*02:01,18
C*07:01,0
C*08:02,17
DRB1*03:01,3
DRB1*07:01,13
DQB1*02:01,33
DQB1*02:02,35
A*01:01,6
A*68:01,7
C*07:01,0
C*07:02,0
DRB1*03:01,6
DRB1*15:01,0
DQB1*02:01,11
DQB1*06:02,0
A*02:01,17
A*03:01,21
C*04:01,23
C*06:02,8
DRB1*01:01,17
DRB1*08:01,10
DQB1*04:02,17
DQB1*05:01,47
A*02:01,18
C*03:04,1
DRB1*13:02,13
DRB1*15:01,0
DQB1*04:02,34
DQB1*06:04,10
A*01:01,11
A*33:03,22
C*03:02,21
C*08:01,12
DRB1*09:01,17
DQB1*03:03,10
A*02:01,0
C*03:04,0
DRB1*04:01,0
DRB1*14:54,7
DQB1*03:02,0
DQB1*05:03,20
A*01:01,0
A*02:01,0
C*03:04,0
C*07:01,0
DRB1*03:01,1
DRB1*13:02,0
DQB1*02:01,24
DQB1*06:04,0
A*02:01,33
A*24:02,6
C*02:02,15
C*06:02,5
DRB1*11:01,0
DRB1*13:02,0
DQB1*03:01,42
DQB1*06:04,11
A*02:01,0
A*24:07,0
C*04:01,0
C*08:01,0
DRB1*09:01,23
DRB1*12:02,0
DQB1*03:01,0
DQB1*03:03,25
A*02:01,6
A*03:01,0
C*03:04,5
DRB1*04:04,1
DRB1*14:54,1
DQB1*03:02,0
DQB1*05:03,8
A*01:01,13
A*31:01,1
C*07:02,1
C*15:02,15
DRB1*04:07,19
DRB1*15:01,21
DQB1*03:01,0
DQB1*06:02,30
A*01:01,0
A*02:01,7
C*05:01,0
C*07:01,5
DRB1*03:01,0
DRB1*04:01,5
DQB1*02:01,17
DQB1*03:01,15
A*03:01,0
A*33:01,0
C*02:10,0
C*03:02,10
DRB1*10:01,0
DRB1*13:04,2
DQB1*03:19,0
DQB1*05:01,0
A*01:01,2
A*02:01,0
C*07:01,1
C*08:02,13
DRB1*03:01,10
DRB1*07:01,22
DQB1*02:01,29
DQB1*03:03,23
A*03:01,14
A*66:01,11
C*07:02,15
C*17:03,14
DRB1*13:03,8
DRB1*15:01,0
DQB1*03:01,22
DQB1*06:02,0
A*11:01,7
A*24:02,15
C*07:01,0
C*07:02,1
DRB1*11:04,9
DRB1*14:54,7
DQB1*03:01,0
DQB1*05:03,20
A*02:391,2
A*31:01,0
C*07:02,0
C*12:03,0
DRB1*03:01,0
DRB1*15:01,8
DQB1*02:01,0
DQB1*06:02,9
A*02:01,0
A*24:02,0
C*07:02,14
C*15:02,0
DRB1*04:04,0
DRB1*04:08,0
DQB1*03:01,13
DQB1*03:02,2
A*23:01,8
A*24:03,0
C*04:01,0
C*17:01,32
DRB1*08:04,0
DQB1*03:19,0
DQB1*04:02,0
A*01:01,33
A*31:01,26
C*03:03,22
C*07:02,0
DRB1*04:11,17
DRB1*11:03,7
DQB1*03:01,0
DQB1*03:02,10
A*01:01,0
A*02:01,10
C*07:01,0
C*12:03,3
DRB1*03:01,0
DRB1*15:01,8
DQB1*02:01,0
DQB1*06:02,15
A*01:01,0
C*07:01,0
C*07:02,0
DRB1*07:01,14
DRB1*15:01,0
DQB1*02:02,35
DQB1*06:02,0
A*02:01,0
A*03:01,0
C*04:01,11
DRB1*14:54,0
DRB1*16:01,13
DQB1*05:02,6
DQB1*05:03,0
A*02:01,0
A*68:02,8
C*07:02,0
C*08:02,19
DRB1*01:01,0
DRB1*13:03,7
DQB1*03:01,31
DQB1*05:01,0
A*01:01,6
A*03:01,5
C*04:01,8
C*07:01,0
DRB1*01:01,4
DRB1*03:01,0
DQB1*02:01,9
DQB1*05:01,11
A*01:01,14
A*02:01,0
C*04:01,10
C*07:01,24
DRB1*13:02,2
DRB1*14:54,5
DQB1*05:03,38
DQB1*06:04,23
A*02:01,0
A*11:01,14
C*06:02,0
C*14:02,7
DRB1*07:01,14
DRB1*10:01,0
DQB1*02:02,30
DQB1*05:01,0
A*01:01,2
A*24:02,5
C*07:01,10
C*07:02,11
DRB1*04:01,1
DRB1*13:01,4
DQB1*03:02,0
DQB1*06:03,13
A*02:06,16
A*24:02,0
C*08:01,16
C*14:02,0
DRB1*09:01,0
DRB1*11:01,7
DQB1*03:01,14
DQB1*03:03,0
A*02:01,15
A*25:01,13
C*07:02,0
C*12:03,7
DRB1*11:01,10
DRB1*11:03,10
DQB1*03:01,20
A*01:01,4
A*31:01,16
C*03:04,6
C*07:01,0
DRB1*01:01,5
DRB1*03:01,1
DQB1*02:01,13
DQB1*05:01,0
A*01:01,13
A*03:01,8
C*07:01,17
C*07:02,16
DRB1*03:01,5
DRB1*13:02,2
DQB1*02:01,19
DQB1*06:04,20
A*01:01,10
A*03:01,9
C*03:04,12
C*12:03,5
DRB1*04:01,6
DRB1*13:02,0
DQB1*03:02,26
DQB1*06:04,7
A*33:03,0
C*03:04,2
C*15:02,0
DRB1*03:01,3
DRB1*14:04,0
DQB1*02:01,16
DQB1*05:03,0
A*01:01,0
A*02:01,7
C*07:01,0
C*07:02,1
DRB1*13:01,5
DRB1*13:02,5
DQB1*06:03,19
DQB1*06:04,17
A*01:01,1
A*03:01,0
C*04:01,9
C*07:01,9
DRB1*01:01,10
DRB1*03:01,0
DQB1*02:01,16
DQB1*05:01,21
A*01:01,1
A*31:01,19
C*03:04,18
C*07:01,0
DRB1*03:01,0
DRB1*04:01,6
DQB1*02:01,34
DQB1*03:02,26
A*02:01,0
A*24:02,11
C*03:03,1
C*07:01,0
DRB1*04:01,0
DRB1*07:01,3
DQB1*02:02,10
DQB1*03:01,0
A*01:01,13
A*02:01,0
C*03:04,0
C*07:01,0
DRB1*01:01,6
DRB1*13:02,7
DQB1*05:01,20
DQB1*06:04,8
A*24:02,8
A*33:01,13
C*06:02,7
C*08:02,10
DRB1*01:02,9
DRB1*07:01,9
DQB1*03:03,0
DQB1*05:01,16
A*02:01,14
A*03:01,0
C*07:01,12
C*07:02,12
DRB1*08:01,8
DRB1*11:04,2
DQB1*03:01,0
DQB1*04:02,6
A*01:01,0
A*02:01,24
C*05:15,15
C*06:02,0
DRB1*04:01,0
DRB1*08:01,12
DQB1*03:02,0
DQB1*04:02,6
A*01:01,7
C*03:03,20
C*06:02,0
DRB1*08:04,5
DRB1*11:03,0
DQB1*03:01,32
DQB1*04:02,27
A*02:01,22
A*29:02,23
C*07:02,24
C*16:01,9
DRB1*04:01,17
DRB1*07:01,9
DQB1*02:02,32
DQB1*03:02,30
A*03:01,0
A*29:02,17
C*04:01,0
C*16:01,9
DRB1*07:01,0
DRB1*13:02,0
DQB1*02:02,14
DQB1*06:04,0
A*24:02,7
C*03:03,6
C*04:01,0
DRB1*11:03,5
DRB1*11:04,5
DQB1*03:01,19
A*02:01,13
A*03:01,1
C*07:01,0
C*07:02,0
DRB1*03:01,0
DRB1*13:02,3
DQB1*02:01,0
DQB1*06:04,18
A*23:01,9
A*29:02,13
C*03:04,15
C*04:01,0
DRB1*04:01,9
DRB1*07:01,15
DQB1*02:02,1
DQB1*03:01,11
A*02:01,0
A*29:02,12
C*07:01,8
C*16:01,4
DRB1*07:01,4
DRB1*11:01,1
DQB1*02:02,11
DQB1*03:01,0
A*01:01,27
A*24:02,28
C*07:02,33
C*12:03,11
DRB1*16:01,12
DQB1*05:02,42
A*01:01,0
A*03:01,0
C*07:01,0
C*07:02,0
DRB1*03:01,5
DRB1*15:01,0
DQB1*02:01,19
DQB1*06:02,0
A*24:02,0
A*25:01,1
C*07:01,7
C*07:18,7
DRB1*13:03,2
DRB1*15:01,0
DQB1*03:01,20
DQB1*06:02,9
A*01:01,13
A*02:01,0
C*05:01,19
C*07:01,0
DRB1*03:01,0
DRB1*04:01,12
DQB1*02:01,0
DQB1*03:01,19
A*02:01,17
A*03:01,0
C*15:05,10
C*16:04,0
DRB1*04:05,7
DRB1*15:01,0
DQB1*03:02,25
DQB1*06:02,0
A*03:01,0
A*24:02,0
C*07:02,0
DRB1*04:04,6
DRB1*15:01,0
DQB1*03:02,9
DQB1*06:02,18
A*01:01,22
A*02:01,18
C*07:01,11
C*07:02,12
DRB1*03:01,8
DRB1*15:01,0
DQB1*02:01,15
DQB1*06:02,0
A*32:01,20
A*68:01,0
C*04:01,0
C*07:02,17
DRB1*04:04,9
DRB1*15:01,4
DQB1*03:02,23
DQB1*06:02,0
A*02:01,0
A*68:01,12
C*12:03,4
C*16:02,8
DRB1*11:03,8
DRB1*15:01,12
DQB1*03:01,0
DQB1*05:02,50
A*11:01,0
A*30:01,7
C*06:02,5
C*07:01,7
DRB1*07:01,11
DRB1*13:02,0
DQB1*02:02,26
DQB1*06:04,9
A*01:01,0
A*24:02,25
C*07:02,0
DRB1*04:04,15
DRB1*15:01,0
DQB1*03:02,39
DQB1*06:02,0
A*02:01,18
A*24:02,13
C*04:82,1
C*06:02,8
DRB1*03:01,0
DRB1*11:01,3
DQB1*02:01,0
DQB1*03:01,12
A*02:01,0
A*03:01,35
C*03:03,21
C*07:02,1
DRB1*04:01,24
DRB1*15:01,25
DQB1*03:02,43
DQB1*06:02,30
A*02:01,0
C*04:01,4
DRB1*08:01,7
DRB1*13:01,0
DQB1*04:02,21
DQB1*06:03,10
A*11:01,4
C*05:01,11
C*07:02,0
DRB1*03:01,0
DRB1*12:01,11
DQB1*02:01,0
DQB1*03:01,6
A*24:02,17
A*33:01,18
C*07:02,0
C*08:02,16
DRB1*03:01,8
DRB1*11:01,10
DQB1*02:01,16
DQB1*03:01,0
A*02:01,0
A*24:02,8
C*07:02,11
C*07:04,13
DRB1*04:08,0
DRB1*11:01,4
DQB1*03:01,9
A*03:01,9
A*11:01,17
C*03:04,1
C*04:01,19
DRB1*01:01,14
DRB1*04:04,13
DQB1*03:02,9
DQB1*05:01,23
A*03:01,0
A*24:02,28
C*05:01,23
C*07:02,0
DRB1*04:01,16
DRB1*15:01,0
DQB1*03:01,48
DQB1*06:02,0
A*02:01,0
A*24:02,0
C*02:02,14
C*06:02,18
DRB1*11:01,3
DRB1*13:02,4
DQB1*03:01,0
DQB1*06:04,21
A*01:01,17
A*29:02,19
C*02:02,5
C*16:01,5
DRB1*03:01,7
DRB1*07:01,17
DQB1*02:01,17
DQB1*02:02,18
A*03:01,0
A*26:01,16
C*04:01,6
C*08:02,10
DRB1*01:01,7
DRB1*14:216,9
DQB1*05:01,21
DQB1*05:03,20
A*24:02,7
C*03:03,16
C*04:01,8
DRB1*04:04,5
DRB1*13:01,0
DQB1*03:02,15
DQB1*06:03,12
A*01:01,4
A*02:01,9
C*07:01,4
C*07:02,4
DRB1*04:04,6
DRB1*15:01,4
DQB1*03:02,17
DQB1*06:02,4
A*01:01,0
A*03:01,1
C*07:02,0
DRB1*04:01,6
DRB1*15:01,6
DQB1*03:02,5
DQB1*06:02,7
A*02:01,28
A*03:01,0
C*01:02,0
C*07:02,23
DRB1*01:01,0
DRB1*15:01,3
DQB1*05:01,0
DQB1*06:02,12
A*02:01,0
C*03:04,0
C*06:02,19
DRB1*04:01,0
DRB1*07:01,14
DQB1*02:02,17
DQB1*03:02,0
A*02:01,10
A*29:02,8
C*04:01,13
C*06:02,7
DRB1*14:54,2
DRB1*15:01,12
DQB1*05:03,22
DQB1*06:02,8
A*02:01,11
A*24:02,0
C*03:04,0
C*14:02,1
DRB1*12:02,12
DRB1*15:01,0
DQB1*03:01,19
DQB1*06:02,0
A*24:02,7
A*66:01,10
C*02:02,5
C*17:03,0
DRB1*13:03,8
DQB1*03:01,15
A*01:01,9
A*31:01,11
C*03:04,11
C*07:01,1
DRB1*04:01,10
DRB1*13:01,0
DQB1*03:02,13
DQB1*06:03,9
A*26:01,1
A*31:01,0
C*12:03,0
DRB1*03:01,0
DRB1*04:02,6
DQB1*02:01,0
DQB1*03:02,2
A*24:02,0
A*33:03,23
C*04:01,11
C*14:03,4
DRB1*07:01,20
DRB1*13:02,2
DQB1*02:02,25
DQB1*06:04,22
A*01:01,10
A*03:01,0
C*04:01,0
C*16:01,9
DRB1*01:01,0
DRB1*04:01,17
DQB1*03:02,30
DQB1*05:01,0
A*01:01,7
A*03:01,0
C*03:04,5
C*12:03,0
DRB1*07:01,7
DRB1*11:01,3
DQB1*02:02,0
DQB1*03:01,0
A*02:01,0
C*02:02,9
C*07:01,0
DRB1*01:01,10
DRB1*08:01,6
DQB1*04:02,12
DQB1*05:01,22
A*01:01,11
A*24:07,0
C*04:01,7
C*07:01,10
DRB1*03:01,6
DRB1*15:02,0
DQB1*02:01,16
DQB1*06:01,0
A*01:01,6
A*26:01,5
C*07:02,0
C*12:03,0
DRB1*13:02,5
DRB1*15:01,0
DQB1*06:02,0
DQB1*06:04,6
A*02:01,26
A*02:06,31
C*03:03,13
C*03:04,7
DRB1*04:01,21
DRB1*04:08,20
DQB1*03:01,26
A*01:01,0
A*33:03,13
C*04:01,12
C*07:06,6
DRB1*07:01,0
DRB1*11:01,7
DQB1*02:02,19
DQB1*03:01,10
A*02:01,0
A*03:01,0
C*01:02,9
C*07:02,19
DRB1*11:01,2
DRB1*15:01,13
DQB1*03:01,0
DQB1*06:02,23
A*01:01,8
A*11:01,11
C*03:03,11
C*07:01,0
DRB1*03:01,0
DRB1*13:01,0
DQB1*02:01,13
DQB1*06:03,0
A*02:03,0
A*03:01,7
C*01:02,5
C*03:02,0
DRB1*03:01,0
DRB1*07:01,16
DQB1*02:01,0
DQB1*02:02,1
A*02:01,0
C*07:01,0
DRB1*01:03,0
DRB1*04:01,14
DQB1*03:02,16
DQB1*05:01,0
A*01:01,27
A*25:01,18
C*02:02,21
C*12:03,2
DRB1*01:01,0
DRB1*04:01,21
DQB1*03:01,48
DQB1*05:01,0
A*02:02,16
A*29:02,0
C*06:02,3
C*17:01,0
DRB1*01:02,8
DRB1*03:02,0
DQB1*04:02,0
DQB1*05:01,16
A*02:01,0
A*68:01,3
C*03:04,4
C*07:01,9
DRB1*03:01,0
DRB1*13:02,0
DQB1*02:01,13
DQB1*06:04,3
A*24:02,11
C*03:04,5
DRB1*04:01,6
DRB1*15:01,0
DQB1*03:01,11
DQB1*05:02,16
A*03:01,4
A*31:01,0
C*02:02,5
C*04:01,0
DRB1*01:01,6
DRB1*03:01,0
DQB1*02:01,0
DQB1*05:01,14
A*11:01,8
A*74:01,0
C*03:04,13
C*07:01,0
DRB1*04:04,8
DRB1*11:02,0
DQB1*03:02,8
DQB1*03:19,0
A*11:01,15
A*24:07,0
C*04:01,0
C*04:82,0
DRB1*12:02,0
DQB1*03:01,0
A*01:01,0
A*02:01,0
C*05:01,0
C*06:02,5
DRB1*04:01,0
DRB1*10:01,7
DQB1*03:02,0
DQB1*05:01,24
A*01:01,0
A*02:01,0
C*12:03,2
C*15:02,6
DRB1*04:03,0
DRB1*15:01,8
DQB1*03:05,2
DQB1*06:01,25
A*01:01,0
A*02:01,0
C*03:03,0
C*07:01,0
DRB1*01:01,0
DRB1*03:01,0
DQB1*02:01,0
DQB1*05:01,0
A*02:01,2
A*24:02,15
C*06:02,0
C*08:02,25
DRB1*07:01,0
DQB1*02:02,29
DQB1*03:03,0
A*01:01,0
A*24:02,0
C*02:02,0
C*17:01,0
DRB1*07:01,0
DRB1*16:01,14
DQB1*03:03,0
DQB1*05:02,6
A*02:01,32
A*11:01,7
C*01:02,18
C*07:02,0
DRB1*01:01,0
DRB1*15:01,18
DQB1*05:01,0
DQB1*06:02,15
A*01:01,0
A*02:01,26
C*06:02,0
C*07:01,0
DRB1*03:01,5
DRB1*07:01,27
DQB1*02:01,26
DQB1*03:03,7
A*02:01,23
A*33:01,24
C*01:02,8
C*08:02,16
DRB1*01:01,0
DRB1*01:02,3
DQB1*05:01,0
A*02:01,0
A*11:01,0
C*03:04,0
DRB1*04:01,0
DRB1*07:01,2
DQB1*03:02,0
DQB1*03:03,0
A*02:01,0
C*03:04,0
DRB1*09:01,13
DRB1*14:54,3
DQB1*03:03,9
DQB1*06:02,8
A*11:01,0
A*68:01,16
C*08:02,4
C*12:02,0
DRB1*15:02,0
DRB1*15:03,4
DQB1*06:01,0
DQB1*06:02,0
A*02:01,0
A*11:01,3
C*03:04,0
C*04:01,4
DRB1*11:01,3
DRB1*13:02,0
DQB1*03:01,6
DQB1*06:04,0
A*01:01,0
A*32:01,3
C*01:02,2
C*07:01,0
DRB1*03:01,0
DRB1*08:01,6
DQB1*02:01,0
DQB1*04:02,5
A*02:01,0
A*32:01,8
C*05:01,13
C*15:02,9
DRB1*01:01,8
DRB1*04:01,0
DQB1*03:01,8
DQB1*05:01,16
A*01:01,0
A*03:01,4
C*07:01,0
C*07:02,1
DRB1*03:01,0
DRB1*15:01,18
DQB1*02:01,0
DQB1*06:02,18
A*31:01,0
A*68:01,9
C*07:04,13
C*15:02,0
DRB1*04:07,0
DRB1*11:01,6
DQB1*03:01,0
A*01:01,0
A*32:01,1
C*06:02,2
DRB1*07:01,1
DRB1*14:54,0
DQB1*02:02,4
DQB1*05:03,9
A*01:01,15
A*11:01,7
C*04:01,24
C*16:01,17
DRB1*01:01,0
DRB1*07:01,26
DQB1*02:02,28
DQB1*05:01,0
A*02:01,20
A*03:01,0
C*03:04,13
C*04:01,0
DRB1*01:01,0
DRB1*13:02,10
DQB1*05:01,0
DQB1*06:04,8
A*02:01,0
A*24:02,17
C*05:01,24
C*07:01,5
DRB1*04:01,16
DQB1*03:01,39
DQB1*03:02,37
A*01:01,14
A*30:04,0
C*07:01,1
C*17:01,0
DRB1*03:01,3
DRB1*11:02,0
DQB1*02:01,22
DQB1*03:19,0
A*02:01,7
C*01:02,6
C*03:03,10
DRB1*01:01,2
DRB1*14:54,2
DQB1*05:01,15
DQB1*05:03,15
A*03:01,0
A*32:01,33
C*03:03,23
C*05:01,24
DRB1*04:01,20
DRB1*04:03,25
DQB1*03:02,0
A*32:01,14
A*68:02,9
C*05:01,22
C*08:02,22
DRB1*04:01,19
DRB1*13:03,8
DQB1*03:01,19
A*01:01,13
A*03:01,4
C*07:02,31
C*08:02,22
DRB1*07:01,12
DRB1*15:01,13
DQB1*03:03,1
DQB1*06:02,14
A*68:01,21
A*68:02,23
C*04:01,6
C*07:04,26
DRB1*13:01,8
DRB1*13:02,5
DQB1*06:03,16
DQB1*06:04,27
A*01:01,18
C*06:02,8
C*07:01,44
DRB1*03:01,23
DRB1*04:01,34
DQB1*02:01,22
DQB1*03:01,17
A*24:02,25
A*29:02,0
C*03:03,13
C*16:01,0
DRB1*07:01,0
DRB1*10:01,10
DQB1*02:02,0
DQB1*05:01,48
A*01:01,0
A*26:01,7
C*07:01,0
DRB1*03:01,0
DRB1*04:01,0
DQB1*02:01,0
DQB1*03:01,8
A*11:01,7
A*26:01,9
C*04:01,0
C*07:01,10
DRB1*01:01,11
DRB1*11:04,6
DQB1*03:01,31
DQB1*05:01,1
A*03:01,0
A*24:02,12
C*05:01,10
C*07:02,0
DRB1*01:01,9
DRB1*03:01,2
DQB1*02:01,19
DQB1*05:01,0
A*02:01,0
A*29:02,0
C*02:02,0
C*16:01,0
DRB1*11:01,7
DRB1*16:01,0
DQB1*03:01,19
DQB1*05:02,0
A*01:01,7
A*02:01,0
C*06:02,2
C*07:01,0
DRB1*07:01,2
DRB1*13:02,2
DQB1*03:03,0
DQB1*06:04,4
A*02:01,17
A*11:01,0
C*03:03,0
C*05:01,14
DRB1*03:01,0
DRB1*04:01,6
DQB1*02:01,0
DQB1*03:01,12
A*01:01,19
C*07:01,0
DRB1*03:01,19
DQB1*02:01,45
A*23:01,10
A*68:01,23
C*04:01,10
C*17:03,16
DRB1*07:01,0
DRB1*13:02,7
DQB1*02:02,0
DQB1*06:09,13
A*11:01,10
C*04:01,14
DRB1*01:01,12
DRB1*14:54,4
DQB1*05:01,36
DQB1*05:03,36
A*23:01,28
A*31:01,29
C*04:01,19
C*07:01,32
DRB1*01:01,0
DQB1*05:01,0
A*26:01,0
A*32:01,9
C*02:02,6
C*03:04,0
DRB1*01:01,13
DQB1*05:01,30
A*03:01,5
A*68:01,9
C*04:01,16
C*07:04,4
DRB1*01:01,0
DRB1*11:01,8
DQB1*03:01,19
DQB1*05:01,0
A*02:01,0
A*03:01,4
C*04:01,0
C*16:01,0
DRB1*07:01,0
DRB1*13:01,20
DQB1*03:03,0
DQB1*06:03,16
A*03:01,0
A*24:02,7
C*02:02,0
C*07:01,13
DRB1*03:01,3
DRB1*11:01,0
DQB1*02:01,13
DQB1*03:01,0
A*02:01,0
A*11:01,20
C*03:04,0
C*07:02,23
DRB1*03:01,0
DRB1*15:01,17
DQB1*02:01,0
DQB1*06:02,27
A*23:01,9
C*04:01,8
C*06:02,0
DRB1*01:01,11
DRB1*11:01,2
DQB1*05:01,20
DQB1*06:02,0
A*02:01,20
A*29:02,25
C*03:04,16
C*04:01,9
DRB1*01:01,15
DRB1*03:01,9
DQB1*02:01,0
DQB1*05:01,41
A*02:01,24
A*03:01,16
C*05:01,12
C*07:02,30
DRB1*13:01,1
DRB1*15:01,11
DQB1*06:02,28
DQB1*06:03,25
A*01:01,5
A*02:01,0
C*03:04,15
C*07:01,1
DRB1*01:01,1
DRB1*03:01,13
DQB1*02:01,39
DQB1*05:01,0
A*02:01,25
A*24:02,0
C*03:04,14
C*07:01,0
DRB1*09:01,0
DRB1*13:02,10
DQB1*03:03,0
DQB1*06:04,11
A*02:01,18
A*66:01,21
C*03:03,4
C*17:03,7
DRB1*01:01,9
DRB1*13:03,8
DQB1*03:01,12
DQB1*05:01,27
A*01:01,5
A*03:01,0
C*07:02,0
C*12:03,6
DRB1*04:03,8
DRB1*15:01,0
DQB1*03:02,6
DQB1*06:02,0
A*02:01,0
C*03:04,10
C*06:02,7
DRB1*04:01,0
DRB1*16:01,6
DQB1*03:01,0
DQB1*05:02,18
A*01:01,0
A*24:02,18
C*06:02,5
C*07:02,26
DRB1*11:01,8
DQB1*03:01,0
A*01:01,5
C*06:02,4
C*07:01,14
DRB1*01:01,11
DRB1*13:01,0
DQB1*05:01,20
DQB1*06:03,8
A*02:01,0
A*03:01,7
C*06:02,12
C*07:02,35
DRB1*01:01,0
DRB1*10:01,10
DQB1*05:01,0
A*03:01,4
A*31:01,17
C*04:01,16
DRB1*01:01,0
DQB1*05:01,0
A*24:02,26
A*68:01,5
C*04:01,19
C*05:01,22
DRB1*04:01,0
DRB1*04:03,1
DQB1*03:02,0
A*24:03,6
A*68:01,3
C*04:01,4
C*07:04,1
DRB1*11:01,3
DQB1*03:01,6
A*01:01,22
A*02:01,13
C*03:04,16
C*07:01,25
DRB1*03:01,0
DRB1*13:02,3
DQB1*02:01,22
DQB1*06:04,23
A*26:01,8
A*32:01,16
C*12:03,5
C*14:02,7
DRB1*04:04,0
DRB1*13:02,7
DQB1*03:02,5
DQB1*06:04,11
A*01:01,0
A*03:01,1
C*03:03,19
C*04:01,13
DRB1*01:01,11
DRB1*04:01,7
DQB1*03:02,3
DQB1*05:01,20
A*02:01,0
A*03:01,25
C*03:04,10
C*07:01,38
DRB1*03:01,17
DRB1*13:02,16
DQB1*02:01,0
DQB1*06:04,13
A*24:02,36
C*12:02,25
C*12:03,23
DRB1*11:04,0
DRB1*15:02,26
DQB1*03:01,0
DQB1*06:01,26
A*01:01,27
A*68:243,0
C*03:04,0
C*06:02,10
DRB1*15:01,0
DQB1*06:02,0
A*01:01,0
A*03:01,0
C*07:01,0
C*07:02,1
DRB1*03:01,0
DRB1*12:01,15
DQB1*02:01,0
DQB1*03:01,18
A*02:01,4
A*03:01,0
C*03:04,6
C*07:02,0
DRB1*04:01,5
DRB1*07:01,5
DQB1*02:02,0
DQB1*03:02,5
A*01:01,9
A*29:02,16
C*06:02,5
C*07:01,15
DRB1*03:01,0
DRB1*09:01,5
DQB1*02:01,0
DQB1*02:02,1
A*25:01,6
A*68:01,6
C*03:04,10
C*12:03,0
DRB1*04:01,9
DRB1*13:02,1
DQB1*03:02,10
DQB1*06:04,9
A*02:01,0
C*03:04,0
C*06:02,12
DRB1*04:01,0
DRB1*07:01,0
DQB1*02:02,0
DQB1*03:02,0
A*01:01,18
A*02:01,0
C*03:04,19
C*06:02,3
DRB1*07:01,25
DRB1*08:01,13
DQB1*03:03,17
DQB1*04:02,20
A*03:01,7
A*32:01,33
C*03:04,18
C*05:01,22
DRB1*04:01,21
DRB1*11:01,6
DQB1*03:01,17
DQB1*03:02,0
A*02:01,14
A*68:01,0
C*02:02,12
C*04:01,0
DRB1*04:04,0
DRB1*13:01,7
DQB1*03:02,0
DQB1*06:03,20
A*02:01,22
A*24:02,9
C*05:01,0
C*07:02,51
DRB1*08:01,29
DRB1*15:01,7
DQB1*04:02,51
DQB1*06:02,30
A*01:01,0
A*32:01,6
C*02:02,5
C*07:01,0
DRB1*03:01,0
DRB1*11:04,6
DQB1*02:01,0
DQB1*03:01,9
A*01:01,0
A*03:01,0
C*04:01,15
C*07:01,0
DRB1*01:01,15
DRB1*11:01,0
DQB1*03:01,0
DQB1*05:01,31
A*03:01,0
A*68:01,12
C*04:01,13
C*07:04,6
DRB1*01:01,12
DQB1*05:01,0
A*03:01,12
A*32:01,0
C*02:02,9
C*04:01,0
DRB1*01:01,16
DRB1*11:01,0
DQB1*03:01,0
DQB1*05:01,0
A*02:01,0
A*68:01,5
C*03:04,0
DRB1*04:01,0
DRB1*13:02,2
DQB1*03:02,0
DQB1*06:04,4
A*01:01,0
A*11:01,7
C*01:02,0
C*12:03,3
DRB1*10:01,10
DRB1*14:04,0
DQB1*05:01,0
DQB1*05:03,0
A*01:01,0
A*29:02,17
C*07:01,0
C*16:01,9
DRB1*03:01,0
DRB1*07:01,12
DQB1*02:01,0
DQB1*02:02,1
A*03:01,0
A*24:02,16
C*04:01,13
DRB1*01:01,10
DRB1*07:01,12
DQB1*03:03,4
DQB1*05:01,20
A*03:01,0
C*07:02,0
DRB1*01:01,12
DRB1*15:01,0
DQB1*05:01,26
DQB1*06:02,0
A*01:01,0
A*02:01,22
C*06:02,0
C*07:02,0
DRB1*07:01,0
DRB1*14:54,1
DQB1*03:03,0
DQB1*05:03,25
A*01:01,0
A*68:01,7
C*04:01,5
C*06:02,0
DRB1*03:01,0
DRB1*08:01,10
DQB1*02:01,0
DQB1*04:02,8
A*02:01,0
A*32:01,0
C*07:02,0
C*15:02,11
DRB1*13:01,3
DRB1*15:01,0
DQB1*06:02,0
DQB1*06:03,10
A*03:01,51
C*03:03,18
C*04:01,21
DRB1*01:01,3
DRB1*04:01,5
DQB1*03:02,0
DQB1*05:01,0
A*03:01,0
A*32:01,8
C*04:01,0
C*07:02,27
DRB1*01:01,0
DRB1*13:02,0
DQB1*05:01,0
DQB1*06:04,6
A*02:01,0
A*02:05,1
C*06:02,4
C*12:03,3
DRB1*04:08,0
DRB1*10:01,6
DQB1*03:01,12
DQB1*05:01,38
A*01:01,13
A*11:01,14
C*04:01,9
C*06:02,6
DRB1*04:07,1
DRB1*07:01,9
DQB1*03:01,0
DQB1*03:03,0
A*31:01,0
A*68:01,4
C*03:04,1
DRB1*04:07,0
DRB1*08:01,4
DQB1*03:01,7
DQB1*04:02,4
A*01:01,0
C*06:02,0
C*07:01,20
DRB1*07:01,0
DRB1*13:02,8
DQB1*03:03,0
DQB1*06:04,11
A*02:01,9
A*68:01,0
C*12:03,1
C*15:02,3
DRB1*15:01,13
DRB1*16:01,11
DQB1*05:02,28
A*02:01,0
C*07:01,0
C*07:02,1
DRB1*11:04,0
DRB1*13:02,2
DQB1*03:01,0
DQB1*06:04,28
A*02:01,30
A*03:01,0
C*03:03,30
C*04:01,0
DRB1*01:01,0
DRB1*03:01,0
DQB1*02:01,0
DQB1*05:01,0
A*03:01,0
A*68:01,6
C*07:02,14
C*07:04,15
DRB1*01:03,8
DRB1*04:01,12
DQB1*03:01,9
DQB1*03:02,0
A*02:01,0
A*11:01,0
C*05:01,28
C*15:02,20
DRB1*04:07,1
DRB1*14:21,9
DQB1*03:01,9
DQB1*06:03,10
A*01:01,16
A*02:01,0
C*01:02,4
C*12:03,1
DRB1*04:01,0
DRB1*13:01,7
DQB1*03:02,0
DQB1*06:03,18
A*24:02,13
A*32:01,29
C*07:01,21
C*07:04,22
DRB1*11:01,7
DRB1*13:02,5
DQB1*03:01,0
DQB1*06:04,25
A*24:02,24
A*34:02,16
C*04:01,24
C*07:02,26
DRB1*11:01,8
DRB1*12:01,16
DQB1*03:01,44
A*01:01,34
A*03:01,27
C*03:03,15
C*07:01,29
DRB1*04:01,1
DRB1*12:01,1
DQB1*03:01,0
DQB1*03:02,10
A*11:01,0
A*30:01,9
C*04:01,13
DRB1*04:07,8
DRB1*07:01,0
DQB1*02:02,0
DQB1*03:01,15
A*30:02,4
A*32:01,19
C*05:01,10
C*07:01,16
DRB1*03:01,0
DRB1*04:01,9
DQB1*02:01,14
DQB1*03:02,5
A*02:01,0
A*24:02,15
C*03:03,11
C*07:02,0
DRB1*04:01,2
DRB1*04:04,0
DQB1*03:01,0
DQB1*03:02,0
A*03:01,6
C*04:01,9
C*07:02,0
DRB1*01:01,5
DRB1*15:01,0
DQB1*05:01,13
DQB1*06:02,0
A*01:01,0
A*11:01,4
C*07:01,0
C*07:02,0
DRB1*03:01,0
DRB1*15:02,0
DQB1*02:01,0
DQB1*05:02,21
A*03:01,4
C*03:03,8
C*07:02,7
DRB1*04:01,6
DRB1*15:01,3
DQB1*03:01,20
DQB1*06:02,0
A*32:01,0
C*06:02,3
C*12:03,0
DRB1*07:01,14
DRB1*14:54,0
DQB1*02:02,21
DQB1*05:03,0
A*01:01,0
A*31:01,18
C*03:04,10
C*07:01,0
DRB1*03:01,0
DRB1*04:04,1
DQB1*02:01,0
DQB1*03:02,8
A*02:17,3
A*32:01,18
C*07:01,28
C*07:02,28
DRB1*13:01,0
DRB1*15:01,15
DQB1*06:02,7
DQB1*06:03,0
A*29:02,3
A*32:01,0
C*08:02,0
C*16:01,3
DRB1*07:01,0
DQB1*02:02,0
A*01:01,0
A*32:01,4
C*05:01,8
C*06:02,0
DRB1*07:01,0
DRB1*16:01,7
DQB1*02:02,0
DQB1*05:02,19
A*02:03,26
A*02:07,29
C*01:02,0
C*12:03,5
DRB1*09:01,32
DRB1*12:02,0
DQB1*03:01,0
DQB1*03:03,24
A*03:01,9
A*11:01,14
C*03:03,1
C*07:02,7
DRB1*13:01,0
DRB1*15:01,6
DQB1*06:02,9
DQB1*06:03,8
A*02:01,0
A*30:01,9
C*01:02,2
C*06:02,0
DRB1*07:01,0
DRB1*14:04,3
DQB1*02:02,0
DQB1*05:01,1
A*01:01,0
A*29:02,19
C*07:01,0
C*16:01,5
DRB1*03:01,0
DRB1*07:01,9
DQB1*02:01,0
DQB1*02:02,0
A*01:01,0
A*02:01,0
C*03:03,18
C*04:01,0
DRB1*01:01,0
DRB1*04:04,18
DQB1*03:02,31
DQB1*05:01,0
A*03:01,19
A*24:02,0
C*01:02,12
C*14:02,3
DRB1*01:01,18
DRB1*14:54,0
DQB1*05:01,0
DQB1*05:03,0
A*02:01,13
A*31:01,19
C*05:01,8
C*07:02,0
DRB1*09:01,7
DRB1*13:02,0
DQB1*03:03,27
DQB1*06:04,7
A*02:01,0
A*31:01,14
C*03:03,18
C*07:04,4
DRB1*04:07,6
DRB1*11:01,1
DQB1*03:01,35
A*02:01,0
A*26:01,24
C*06:02,12
C*07:01,31
DRB1*03:01,10
DRB1*04:01,0
DQB1*02:01,16
DQB1*03:01,13
A*02:01,0
A*30:01,13
C*05:01,0
C*06:02,6
DRB1*12:01,0
DRB1*13:01,1
DQB1*03:01,0
DQB1*06:03,27
A*01:01,12
A*02:01,0
C*05:01,0
C*06:02,7
DRB1*01:01,8
DRB1*07:01,9
DQB1*03:03,7
DQB1*06:02,14
A*01:01,21
A*02:01,29
C*07:01,25
C*07:02,25
DRB1*04:04,19
DRB1*15:01,16
DQB1*03:02,9
DQB1*06:02,25
A*30:01,6
A*32:01,19
C*02:02,6
C*06:02,1
DRB1*07:01,15
DRB1*11:01,0
DQB1*02:02,1
DQB1*03:01,0
A*02:01,0
A*24:02,20
C*01:02,0
C*02:02,5
DRB1*01:01,12
DRB1*11:03,0
DQB1*03:01,0
DQB1*05:01,29
A*02:01,0
A*24:02,5
C*01:02,14
C*03:04,15
DRB1*10:01,16
DRB1*11:01,1
DQB1*03:01,0
DQB1*05:01,39
A*01:01,0
A*02:01,14
C*03:11,14
C*04:01,0
DRB1*11:01,0
DRB1*13:05,0
DQB1*03:01,0
A*01:01,25
A*02:01,22
C*03:02,14
C*12:02,0
DRB1*14:04,7
DRB1*14:54,3
DQB1*05:03,8
A*02:01,24
A*03:01,4
C*01:02,15
C*07:02,0
DRB1*01:01,0
DRB1*15:01,10
DQB1*05:01,0
DQB1*06:02,15
A*02:27,15
A*03:01,0
C*06:02,9
C*07:02,0
DRB1*07:01,12
DRB1*15:01,0
DQB1*02:02,1
DQB1*06:02,0
A*03:01,0
A*30:01,14
C*02:51,19
C*06:02,0
DRB1*11:03,0
DRB1*13:01,2
DQB1*03:01,0
DQB1*06:03,43
A*01:01,0
A*24:02,10
C*02:02,8
C*06:02,0
DRB1*01:01,13
DRB1*07:01,0
DQB1*03:03,0
DQB1*05:01,27
A*02:06,1
A*11:01,0
C*07:02,30
DRB1*04:06,6
DRB1*14:05,7
DQB1*03:02,10
DQB1*05:03,47
A*01:01,35
A*24:02,0
C*07:01,3
C*07:04,0
DRB1*03:01,10
DRB1*08:01,0
DQB1*02:01,26
DQB1*04:02,0
A*01:01,0
A*11:01,3
C*04:01,0
C*07:01,0
DRB1*01:01,17
DRB1*03:01,0
DQB1*02:01,0
DQB1*05:01,35
A*02:01,0
C*02:02,0
C*07:02,14
DRB1*08:01,6
DRB1*14:54,0
DQB1*04:02,23
DQB1*05:03,0
A*03:01,0
A*24:02,15
C*05:01,16
C*07:01,0
DRB1*03:01,0
DRB1*11:01,0
DQB1*02:01,0
DQB1*03:01,0
A*02:01,16
A*03:01,0
C*03:04,9
C*08:02,0
DRB1*13:01,0
DRB1*13:02,0
DQB1*06:03,15
DQB1*06:09,0
A*02:01,0
C*03:04,0
C*12:03,1
DRB1*01:01,4
DRB1*13:02,0
DQB1*05:01,14
DQB1*06:04,0
A*02:01,4
C*07:01,1
C*12:02,4
DRB1*03:01,0
DRB1*15:02,8
DQB1*02:01,0
DQB1*06:01,26
A*24:02,6
C*01:02,1
C*04:01,7
DRB1*11:04,2
DRB1*13:01,0
DQB1*03:01,6
DQB1*06:03,5
A*02:01,28
A*31:01,32
C*03:03,15
C*03:04,11
DRB1*01:01,0
DRB1*16:02,8
DQB1*05:01,0
DQB1*05:02,6
A*01:01,0
A*03:01,0
C*07:01,0
C*08:02,15
DRB1*01:02,16
DRB1*03:01,0
DQB1*02:01,0
DQB1*05:01,27
A*01:01,0
A*03:01,4
C*04:01,7
C*07:01,0
DRB1*03:01,0
DRB1*11:01,7
DQB1*02:01,0
DQB1*03:01,10
A*02:01,19
A*03:01,0
C*05:01,22
C*16:02,14
DRB1*13:01,0
DRB1*13:02,0
DQB1*06:03,16
DQB1*06:04,6
A*01:01,15
A*03:01,0
C*04:01,0
C*07:01,4
DRB1*01:01,0
DRB1*15:01,22
DQB1*05:01,0
DQB1*06:02,22
A*02:01,0
A*03:01,0
C*07:02,0
DRB1*01:03,3
DRB1*13:02,0
DQB1*05:01,10
DQB1*06:04,3
A*01:01,13
A*02:01,0
C*03:04,5
C*12:03,0
DRB1*13:02,7
DRB1*15:01,0
DQB1*06:02,0
DQB1*06:04,8
A*03:01,0
A*24:02,25
C*04:01,19
C*07:02,46
DRB1*08:01,0
DRB1*15:01,25
DQB1*04:02,0
DQB1*06:02,37
A*26:01,30
A*32:01,21
C*05:01,19
C*12:03,12
DRB1*04:01,0
DRB1*11:04,0
DQB1*03:01,0
A*03:01,0
A*11:01,0
C*04:01,0
C*07:01,27
DRB1*01:01,0
DRB1*07:01,11
DQB1*03:03,31
DQB1*05:01,0
A*02:01,16
A*68:01,16
C*07:04,15
C*15:02,3
DRB1*04:04,9
DRB1*11:01,6
DQB1*03:01,18
DQB1*03:02,13
A*02:01,24
C*03:04,15
C*05:01,13
DRB1*09:01,16
DRB1*16:01,1
DQB1*03:03,7
DQB1*05:02,38
A*11:01,1
A*68:01,11
C*04:01,9
C*15:02,8
DRB1*08:01,7
DRB1*11:01,4
DQB1*03:01,20
DQB1*04:02,15
A*02:01,0
C*03:04,0
C*07:04,28
DRB1*04:01,0
DRB1*08:01,0
DQB1*03:02,0
DQB1*04:02,0
A*03:01,0
A*68:01,17
C*03:04,14
C*07:02,0
DRB1*13:01,7
DRB1*15:01,0
DQB1*06:02,0
DQB1*06:03,6
A*02:01,13
A*03:01,0
C*07:02,0
DRB1*13:01,3
DRB1*15:01,0
DQB1*06:02,0
DQB1*06:03,9
A*02:01,31
A*24:02,0
C*14:02,10
C*15:02,0
DRB1*07:01,0
DQB1*02:02,0
A*11:01,0
A*31:01,12
C*14:02,0
DRB1*04:03,7
DRB1*10:01,0
DQB1*03:02,21
DQB1*05:01,0
A*02:01,0
A*26:01,36
C*02:02,0
C*12:03,8
DRB1*08:03,10
DRB1*11:01,0
DQB1*03:01,0
A*02:01,0
C*02:02,6
C*03:04,0
DRB1*01:01,9
DRB1*11:01,9
DQB1*03:01,0
DQB1*05:01,30
A*02:01,10
A*31:01,0
C*07:01,0
C*07:02,0
DRB1*07:01,13
DRB1*15:01,0
DQB1*02:02,35
DQB1*06:02,0
A*01:01,0
A*02:01,9
C*07:01,5
C*08:02,3
DRB1*03:01,1
DRB1*07:01,9
DQB1*02:01,24
DQB1*03:03,17
A*11:01,0
C*01:02,0
C*08:01,14
DRB1*12:02,15
DRB1*16:02,0
DQB1*03:01,24
DQB1*05:02,0
A*01:01,10
A*02:01,0
C*03:04,19
C*07:02,0
DRB1*04:01,16
DRB1*15:01,0
DQB1*03:02,39
DQB1*06:02,0
A*02:01,0
A*11:01,14
C*03:04,18
C*05:01,25
DRB1*04:04,23
DRB1*14:54,19
DQB1*03:02,22
DQB1*05:03,0
A*03:01,0
A*33:03,15
C*07:02,0
C*16:02,7
DRB1*03:01,0
DRB1*07:01,7
DQB1*02:01,0
DQB1*03:03,9
A*02:01,0
A*68:02,18
C*01:02,7
C*08:02,14
DRB1*04:01,17
DRB1*13:03,1
DQB1*03:01,19
DQB1*03:02,5
A*02:01,0
A*29:02,11
C*07:02,0
C*16:01,1
DRB1*07:01,12
DRB1*15:01,0
DQB1*02:02,20
DQB1*06:02,0
A*03:01,2
A*30:02,3
C*05:01,11
C*07:02,16
DRB1*01:02,15
DRB1*15:01,8
DQB1*05:01,30
DQB1*06:02,24
A*02:01,0
A*31:01,20
C*03:03,4
C*03:04,0
DRB1*09:01,4
DRB1*14:54,8
DQB1*03:03,0
DQB1*05:03,28
A*01:01,0
A*25:01,35
C*07:01,26
C*12:03,0
DRB1*03:01,4
DRB1*04:01,3
DQB1*02:01,21
DQB1*03:02,0
A*02:01,6
A*24:02,5
C*03:03,6
C*07:02,0
DRB1*03:01,0
DRB1*04:01,5
DQB1*02:01,0
DQB1*03:02,5
A*01:01,0
A*24:02,16
C*07:02,0
C*15:02,9
DRB1*01:01,1
DRB1*14:04,14
DQB1*05:01,0
DQB1*05:03,0
A*01:01,0
A*26:01,23
C*07:01,1
C*07:02,0
DRB1*03:01,0
DRB1*15:01,22
DQB1*02:01,0
DQB1*06:02,20
A*01:01,13
A*11:01,0
C*04:01,0
C*07:01,2
DRB1*03:01,6
DRB1*13:02,0
DQB1*02:01,19
DQB1*06:04,0
A*02:01,0
C*03:03,17
C*07:02,2
DRB1*15:01,13
DQB1*06:02,25
A*03:01,2
A*24:02,8
C*04:30,12
C*07:01,0
DRB1*01:01,8
DRB1*11:02,3
DQB1*03:19,2
DQB1*05:01,18
A*02:01,0
A*24:02,35
C*03:03,25
C*07:01,0
DRB1*01:02,17
DRB1*11:04,0
DQB1*03:01,0
DQB1*05:01,37
